{
  "$schema": "https://vega.github.io/schema/vega/v5.json",
  "background": "white",
  "padding": 5,
  "width": 400,
  "height": 100,
  "style": "cell",
  "data": [
    {
      "name": "source_0",
      "url": "data/movies.json",
      "format": {"type": "json"},
      "transform": [
        {
          "type": "kde",
          "field": "IMDB Rating",
          "bandwidth": 0.3,
          "as": ["value", "density"]
        },
        {
          "type": "impute",
          "field": "density",
          "groupby": [],
          "key": "value",
          "method": "value",
          "value": 0
        },
        {
          "type": "stack",
          "groupby": ["value"],
          "field": "density",
          "sort": {"field": [], "order": []},
          "as": ["density_start", "density_end"],
          "offset": "zero"
        }
      ]
    }
  ],
  "marks": [
    {
      "name": "marks",
      "type": "area",
      "style": ["area"],
      "sort": {"field": "datum[\"value\"]"},
      "from": {"data": "source_0"},
      "encode": {
        "update": {
          "orient": {"value": "vertical"},
          "fill": {"value": "#4c78a8"},
          "description": {
            "signal": "\"IMDB Rating: \" + (format(datum[\"value\"], \"\")) + \"; density: \" + (format(datum[\"density\"], \"\"))"
          },
          "x": {"scale": "x", "field": "value"},
          "y": {"scale": "y", "field": "density_end"},
          "y2": {"scale": "y", "field": "density_start"},
          "defined": {
            "signal": "isValid(datum[\"value\"]) && isFinite(+datum[\"value\"]) && isValid(datum[\"density\"]) && isFinite(+datum[\"density\"])"
          }
        }
      }
    }
  ],
  "scales": [
    {
      "name": "x",
      "type": "linear",
      "domain": {"data": "source_0", "field": "value"},
      "range": [0, {"signal": "width"}],
      "nice": true,
      "zero": false
    },
    {
      "name": "y",
      "type": "linear",
      "domain": {
        "data": "source_0",
        "fields": ["density_start", "density_end"]
      },
      "range": [{"signal": "height"}, 0],
      "nice": true,
      "zero": true
    }
  ],
  "axes": [
    {
      "scale": "x",
      "orient": "bottom",
      "gridScale": "y",
      "grid": true,
      "tickCount": {"signal": "ceil(width/40)"},
      "domain": false,
      "labels": false,
      "aria": false,
      "maxExtent": 0,
      "minExtent": 0,
      "ticks": false,
      "zindex": 0
    },
    {
      "scale": "y",
      "orient": "left",
      "gridScale": "x",
      "grid": true,
      "tickCount": {"signal": "ceil(height/40)"},
      "domain": false,
      "labels": false,
      "aria": false,
      "maxExtent": 0,
      "minExtent": 0,
      "ticks": false,
      "zindex": 0
    },
    {
      "scale": "x",
      "orient": "bottom",
      "grid": false,
      "title": "IMDB Rating",
      "labelFlush": true,
      "labelOverlap": true,
      "tickCount": {"signal": "ceil(width/40)"},
      "zindex": 0
    },
    {
      "scale": "y",
      "orient": "left",
      "grid": false,
      "title": "density",
      "labelOverlap": true,
      "tickCount": {"signal": "ceil(height/40)"},
      "zindex": 0
    }
  ]
}
