{
  "$schema": "https://vega.github.io/schema/vega/v5.json",
  "description": "A simple bar chart with embedded data.",
  "background": "white",
  "padding": 5,
  "width": 20,
  "height": 200,
  "style": "cell",
  "data": [
    {
      "name": "source_0",
      "values": [
        {"b": 0},
        {"b": 10},
        {"b": 10},
        {"b": 10},
        {"b": 10},
        {"b": 20}
      ]
    },
    {
      "name": "data_0",
      "source": "source_0",
      "transform": [
        {
          "type": "filter",
          "expr": "isValid(datum[\"b\"]) && isFinite(+datum[\"b\"])"
        }
      ]
    }
  ],
  "marks": [
    {
      "name": "marks",
      "type": "rect",
      "style": ["bar"],
      "from": {"data": "data_0"},
      "encode": {
        "update": {
          "fill": {"value": "#4c78a8"},
          "ariaRoleDescription": {"value": "bar"},
          "description": {"signal": "\"b: \" + (format(datum[\"b\"], \"\"))"},
          "x": {"field": {"group": "width"}},
          "x2": {"value": 0},
          "yc": {"scale": "y", "field": "b"},
          "height": {"value": 5}
        }
      }
    }
  ],
  "scales": [
    {
      "name": "y",
      "type": "linear",
      "domain": {"data": "data_0", "field": "b"},
      "range": [{"signal": "height"}, 0],
      "nice": true,
      "zero": false,
      "padding": 5
    }
  ],
  "axes": [
    {
      "scale": "y",
      "orient": "left",
      "grid": true,
      "tickCount": {"signal": "ceil(height/40)"},
      "domain": false,
      "labels": false,
      "aria": false,
      "maxExtent": 0,
      "minExtent": 0,
      "ticks": false,
      "zindex": 0
    },
    {
      "scale": "y",
      "orient": "left",
      "grid": false,
      "title": "b",
      "labelOverlap": true,
      "tickCount": {"signal": "ceil(height/40)"},
      "zindex": 0
    }
  ]
}
