{
  "$schema": "https://vega.github.io/schema/vega/v5.json",
  "background": "white",
  "padding": 5,
  "height": 200,
  "style": "cell",
  "data": [
    {
      "name": "source_0",
      "values": [
        {"country": "Norway", "type": "gold", "count": 14},
        {"country": "Norway", "type": "silver", "count": 14},
        {"country": "Norway", "type": "bronze", "count": 11},
        {"country": "Germany", "type": "gold", "count": 14},
        {"country": "Germany", "type": "silver", "count": 10},
        {"country": "Germany", "type": "bronze", "count": 7},
        {"country": "Canada", "type": "gold", "count": 11},
        {"country": "Canada", "type": "silver", "count": 8},
        {"country": "Canada", "type": "bronze", "count": 10}
      ]
    },
    {
      "name": "data_0",
      "source": "source_0",
      "transform": [
        {
          "type": "pivot",
          "field": "type",
          "value": "count",
          "groupby": ["country"]
        },
        {
          "type": "stack",
          "groupby": ["country"],
          "field": "gold",
          "sort": {"field": [], "order": []},
          "as": ["gold_start", "gold_end"],
          "offset": "zero"
        },
        {
          "type": "filter",
          "expr": "isValid(datum[\"gold\"]) && isFinite(+datum[\"gold\"])"
        }
      ]
    }
  ],
  "signals": [
    {"name": "x_step", "value": 20},
    {
      "name": "width",
      "update": "bandspace(domain('x').length, 0.1, 0.05) * x_step"
    }
  ],
  "marks": [
    {
      "name": "marks",
      "type": "rect",
      "style": ["bar"],
      "from": {"data": "data_0"},
      "encode": {
        "update": {
          "fill": {"value": "#4c78a8"},
          "ariaRoleDescription": {"value": "bar"},
          "description": {
            "signal": "\"country: \" + (isValid(datum[\"country\"]) ? datum[\"country\"] : \"\"+datum[\"country\"]) + \"; gold: \" + (format(datum[\"gold\"], \"\"))"
          },
          "x": {"scale": "x", "field": "country"},
          "width": {"signal": "max(0.25, bandwidth('x'))"},
          "y": {"scale": "y", "field": "gold_end"},
          "y2": {"scale": "y", "field": "gold_start"}
        }
      }
    }
  ],
  "scales": [
    {
      "name": "x",
      "type": "band",
      "domain": {"data": "data_0", "field": "country", "sort": true},
      "range": {"step": {"signal": "x_step"}},
      "paddingInner": 0.1,
      "paddingOuter": 0.05
    },
    {
      "name": "y",
      "type": "linear",
      "domain": {"data": "data_0", "fields": ["gold_start", "gold_end"]},
      "range": [{"signal": "height"}, 0],
      "nice": true,
      "zero": true
    }
  ],
  "axes": [
    {
      "scale": "y",
      "orient": "left",
      "gridScale": "x",
      "grid": true,
      "tickCount": {"signal": "ceil(height/40)"},
      "domain": false,
      "labels": false,
      "aria": false,
      "maxExtent": 0,
      "minExtent": 0,
      "ticks": false,
      "zindex": 0
    },
    {
      "scale": "x",
      "orient": "bottom",
      "grid": false,
      "title": "country",
      "labelAlign": "right",
      "labelAngle": 270,
      "labelBaseline": "middle",
      "zindex": 0
    },
    {
      "scale": "y",
      "orient": "left",
      "grid": false,
      "title": "gold",
      "labelOverlap": true,
      "tickCount": {"signal": "ceil(height/40)"},
      "zindex": 0
    }
  ]
}
