{
  "$schema": "https://vega.github.io/schema/vega/v5.json",
  "background": "white",
  "padding": 5,
  "width": 500,
  "height": 200,
  "style": "cell",
  "data": [
    {
      "name": "source_0",
      "url": "data/movies.json",
      "format": {"type": "json"},
      "transform": [
        {
          "type": "aggregate",
          "groupby": ["Director", "Title"],
          "ops": ["mean"],
          "fields": ["Rotten Tomatoes Rating"],
          "as": ["mean_Rotten Tomatoes Rating"]
        }
      ]
    }
  ],
  "marks": [
    {
      "name": "marks",
      "type": "rect",
      "style": ["bar"],
      "from": {"data": "source_0"},
      "encode": {
        "update": {
          "fill": [
            {
              "test": "datum['IMDB Rating'] === null || datum['Rotten Tomatoes Rating'] === null",
              "value": "#aaa"
            },
            {"value": "#4c78a8"}
          ],
          "ariaRoleDescription": {"value": "bar"},
          "description": {
            "signal": "\"Director: \" + (isValid(datum[\"Director\"]) ? datum[\"Director\"] : \"\"+datum[\"Director\"]) + \"; Mean of Rotten Tomatoes Rating: \" + (format(datum[\"mean_Rotten Tomatoes Rating\"], \"\")) + \"; Title: \" + (isValid(datum[\"Title\"]) ? datum[\"Title\"] : \"\"+datum[\"Title\"])"
          },
          "x": {
            "scale": "x",
            "field": "Director",
            "offset": {"scale": "xOffset", "field": "Title"}
          },
          "width": {"signal": "max(0.25, bandwidth('xOffset'))"},
          "y": [
            {
              "test": "!isValid(datum[\"mean_Rotten Tomatoes Rating\"]) || !isFinite(+datum[\"mean_Rotten Tomatoes Rating\"])",
              "field": {"group": "height"}
            },
            {"scale": "y", "field": "mean_Rotten Tomatoes Rating"}
          ],
          "y2": {"scale": "y", "value": 0}
        }
      }
    }
  ],
  "scales": [
    {
      "name": "x",
      "type": "band",
      "domain": {"data": "source_0", "field": "Director", "sort": true},
      "range": [0, {"signal": "width"}],
      "paddingInner": 0.2,
      "paddingOuter": 0.2
    },
    {
      "name": "y",
      "type": "linear",
      "domain": {"data": "source_0", "field": "mean_Rotten Tomatoes Rating"},
      "range": [{"signal": "height"}, 0],
      "nice": true,
      "zero": true
    },
    {
      "name": "xOffset",
      "type": "band",
      "domain": {"data": "source_0", "field": "Title", "sort": true},
      "range": [0, {"signal": "bandwidth('x')"}]
    }
  ],
  "axes": [
    {
      "scale": "y",
      "orient": "left",
      "gridScale": "x",
      "grid": true,
      "tickCount": {"signal": "ceil(height/40)"},
      "domain": false,
      "labels": false,
      "aria": false,
      "maxExtent": 0,
      "minExtent": 0,
      "ticks": false,
      "zindex": 0
    },
    {
      "scale": "x",
      "orient": "bottom",
      "grid": false,
      "title": "Director",
      "labelAlign": "right",
      "labelAngle": 270,
      "labelBaseline": "middle",
      "zindex": 0
    },
    {
      "scale": "y",
      "orient": "left",
      "grid": false,
      "title": "Mean of Rotten Tomatoes Rating",
      "labelOverlap": true,
      "tickCount": {"signal": "ceil(height/40)"},
      "zindex": 0
    }
  ]
}
