{
  "$schema": "https://vega.github.io/schema/vega/v5.json",
  "background": "white",
  "padding": 5,
  "height": 200,
  "style": "cell",
  "data": [
    {
      "name": "source_0",
      "url": "data/cars.json",
      "format": {"type": "json"},
      "transform": [
        {
          "type": "aggregate",
          "groupby": ["Cylinders"],
          "ops": ["mean"],
          "fields": ["Acceleration"],
          "as": ["mean_Acceleration"]
        },
        {
          "type": "filter",
          "expr": "isValid(datum[\"mean_Acceleration\"]) && isFinite(+datum[\"mean_Acceleration\"])"
        }
      ]
    }
  ],
  "signals": [
    {"name": "x_step", "value": 20},
    {
      "name": "width",
      "update": "bandspace(domain('x').length, 0.1, 0.05) * x_step"
    }
  ],
  "marks": [
    {
      "name": "marks",
      "type": "rect",
      "style": ["bar"],
      "from": {"data": "source_0"},
      "encode": {
        "update": {
          "fill": {"value": "#4c78a8"},
          "ariaRoleDescription": {"value": "bar"},
          "description": {
            "signal": "\"Cylinders: \" + (isValid(datum[\"Cylinders\"]) ? datum[\"Cylinders\"] : \"\"+datum[\"Cylinders\"]) + \"; Mean of Acceleration: \" + (format(datum[\"mean_Acceleration\"], \"\"))"
          },
          "x": {"scale": "x", "field": "Cylinders"},
          "width": {"signal": "max(0.25, bandwidth('x'))"},
          "y": {"scale": "y", "field": "mean_Acceleration"},
          "y2": {"scale": "y", "value": 0}
        }
      }
    }
  ],
  "scales": [
    {
      "name": "x",
      "type": "band",
      "domain": {"data": "source_0", "field": "Cylinders", "sort": true},
      "range": {"step": {"signal": "x_step"}},
      "paddingInner": 0.1,
      "paddingOuter": 0.05
    },
    {
      "name": "y",
      "type": "linear",
      "domain": {"data": "source_0", "field": "mean_Acceleration"},
      "range": [{"signal": "height"}, 0],
      "nice": true,
      "zero": true
    }
  ],
  "axes": [
    {
      "scale": "y",
      "orient": "left",
      "gridScale": "x",
      "grid": true,
      "tickCount": {"signal": "ceil(height/40)"},
      "domain": false,
      "labels": false,
      "aria": false,
      "maxExtent": 0,
      "minExtent": 0,
      "ticks": false,
      "zindex": 0
    },
    {
      "scale": "x",
      "orient": "bottom",
      "grid": false,
      "title": "Cylinders",
      "labelAlign": "right",
      "labelAngle": 270,
      "labelBaseline": "middle",
      "zindex": 0
    },
    {
      "scale": "y",
      "orient": "left",
      "grid": false,
      "title": "Mean of Acceleration",
      "labelOverlap": true,
      "tickCount": {"signal": "ceil(height/40)"},
      "zindex": 0
    }
  ]
}
