{
  "$schema": "https://vega.github.io/schema/vega/v5.json",
  "background": "white",
  "padding": 5,
  "width": 200,
  "title": {
    "text": "A Simple Bar Chart with Lines at Extents",
    "frame": "group"
  },
  "style": "cell",
  "data": [
    {
      "name": "source_0",
      "values": [
        {"a": "A", "b": 28},
        {"a": "B", "b": 55},
        {"a": "C", "b": 43},
        {"a": "D", "b": 91},
        {"a": "E", "b": 81},
        {"a": "F", "b": 53},
        {"a": "G", "b": 19},
        {"a": "H", "b": 87},
        {"a": "I", "b": 52}
      ]
    },
    {
      "name": "data_0",
      "source": "source_0",
      "transform": [{"type": "extent", "field": "b", "signal": "b_extent"}]
    },
    {
      "name": "data_1",
      "source": "data_0",
      "transform": [
        {
          "type": "stack",
          "groupby": ["a"],
          "field": "b",
          "sort": {"field": [], "order": []},
          "as": ["b_start", "b_end"],
          "offset": "zero"
        },
        {
          "type": "filter",
          "expr": "isValid(datum[\"b\"]) && isFinite(+datum[\"b\"])"
        }
      ]
    }
  ],
  "signals": [
    {"name": "y_step", "value": 20},
    {
      "name": "height",
      "update": "bandspace(domain('y').length, 0.1, 0.05) * y_step"
    }
  ],
  "marks": [
    {
      "name": "layer_0_marks",
      "type": "rect",
      "style": ["bar"],
      "from": {"data": "data_1"},
      "encode": {
        "update": {
          "fill": {"value": "#4c78a8"},
          "ariaRoleDescription": {"value": "bar"},
          "description": {
            "signal": "\"b: \" + (format(datum[\"b\"], \"\")) + \"; a: \" + (isValid(datum[\"a\"]) ? datum[\"a\"] : \"\"+datum[\"a\"])"
          },
          "x": {"scale": "x", "field": "b_end"},
          "x2": {"scale": "x", "field": "b_start"},
          "y": {"scale": "y", "field": "a"},
          "height": {"signal": "max(0.25, bandwidth('y'))"}
        }
      }
    },
    {
      "name": "layer_1_marks",
      "type": "rule",
      "style": ["rule"],
      "from": {"data": "data_0"},
      "encode": {
        "update": {
          "stroke": {"value": "firebrick"},
          "x": {"signal": "scale('x', b_extent[0])"},
          "y": {"value": 0},
          "y2": {"field": {"group": "height"}}
        }
      }
    },
    {
      "name": "layer_2_marks",
      "type": "rule",
      "style": ["rule"],
      "from": {"data": "data_0"},
      "encode": {
        "update": {
          "stroke": {"value": "#ca8861"},
          "x": {"signal": "scale('x', b_extent[1])"},
          "y": {"value": 0},
          "y2": {"field": {"group": "height"}}
        }
      }
    }
  ],
  "scales": [
    {
      "name": "x",
      "type": "linear",
      "domain": {"data": "data_1", "fields": ["b_start", "b_end"]},
      "range": [0, {"signal": "width"}],
      "nice": true,
      "zero": true
    },
    {
      "name": "y",
      "type": "band",
      "domain": {"data": "data_1", "field": "a", "sort": true},
      "range": {"step": {"signal": "y_step"}},
      "paddingInner": 0.1,
      "paddingOuter": 0.05
    }
  ],
  "axes": [
    {
      "scale": "x",
      "orient": "bottom",
      "gridScale": "y",
      "grid": true,
      "tickCount": {"signal": "ceil(width/40)"},
      "domain": false,
      "labels": false,
      "aria": false,
      "maxExtent": 0,
      "minExtent": 0,
      "ticks": false,
      "zindex": 0
    },
    {
      "scale": "x",
      "orient": "bottom",
      "grid": false,
      "title": "b",
      "labelFlush": true,
      "labelOverlap": true,
      "tickCount": {"signal": "ceil(width/40)"},
      "zindex": 0
    },
    {"scale": "y", "orient": "left", "grid": false, "title": "a", "zindex": 0}
  ]
}
