{
  "$schema": "https://vega.github.io/schema/vega/v5.json",
  "autosize": {"type": "fit-x", "contains": "padding"},
  "background": "white",
  "padding": 5,
  "height": 250,
  "style": "cell",
  "data": [
    {
      "name": "source_0",
      "url": "data/cars.json",
      "format": {"type": "json"},
      "transform": [
        {
          "type": "aggregate",
          "groupby": ["Origin"],
          "ops": ["count"],
          "fields": [null],
          "as": ["__count"]
        }
      ]
    }
  ],
  "signals": [
    {
      "name": "width",
      "init": "isFinite(containerSize()[0]) ? containerSize()[0] : 200",
      "on": [
        {
          "update": "isFinite(containerSize()[0]) ? containerSize()[0] : 200",
          "events": "window:resize"
        }
      ]
    }
  ],
  "marks": [
    {
      "name": "marks",
      "type": "rect",
      "style": ["bar"],
      "from": {"data": "source_0"},
      "encode": {
        "update": {
          "fill": {"value": "#4c78a8"},
          "ariaRoleDescription": {"value": "bar"},
          "description": {
            "signal": "\"Origin: \" + (isValid(datum[\"Origin\"]) ? datum[\"Origin\"] : \"\"+datum[\"Origin\"]) + \"; Number of Cars: \" + (format(datum[\"__count\"], \"\"))"
          },
          "x": {"scale": "x", "field": "Origin"},
          "width": {"signal": "max(0.25, bandwidth('x'))"},
          "y": {"scale": "y", "field": "__count"},
          "y2": {"scale": "y", "value": 0}
        }
      }
    }
  ],
  "scales": [
    {
      "name": "x",
      "type": "band",
      "domain": {"data": "source_0", "field": "Origin", "sort": true},
      "range": [0, {"signal": "width"}],
      "paddingInner": 0.1,
      "paddingOuter": 0.05
    },
    {
      "name": "y",
      "type": "linear",
      "domain": {"data": "source_0", "field": "__count"},
      "range": [{"signal": "height"}, 0],
      "nice": true,
      "zero": true
    }
  ],
  "axes": [
    {
      "scale": "y",
      "orient": "left",
      "gridScale": "x",
      "grid": true,
      "tickCount": {"signal": "ceil(height/40)"},
      "domain": false,
      "labels": false,
      "aria": false,
      "maxExtent": 0,
      "minExtent": 0,
      "ticks": false,
      "zindex": 0
    },
    {
      "scale": "x",
      "orient": "bottom",
      "grid": false,
      "title": "Origin",
      "labelAlign": "right",
      "labelAngle": 270,
      "labelBaseline": "middle",
      "zindex": 0
    },
    {
      "scale": "y",
      "orient": "left",
      "grid": false,
      "title": "Number of Cars",
      "labelOverlap": true,
      "tickCount": {"signal": "ceil(height/40)"},
      "zindex": 0
    }
  ]
}
