{
  "$schema": "https://vega.github.io/schema/vega/v5.json",
  "description": "Custom time format on x-axis.",
  "background": "white",
  "padding": 5,
  "width": 200,
  "height": 200,
  "style": "cell",
  "data": [
    {
      "name": "source_0",
      "url": "data/seattle-weather.csv",
      "format": {"type": "csv", "parse": {"date": "date"}},
      "transform": [
        {
          "field": "date",
          "type": "timeunit",
          "units": ["year", "month"],
          "as": ["yearmonth_date", "yearmonth_date_end"]
        },
        {
          "type": "aggregate",
          "groupby": ["yearmonth_date", "yearmonth_date_end"],
          "ops": ["mean"],
          "fields": ["temp_max"],
          "as": ["mean_temp_max"]
        },
        {
          "type": "filter",
          "expr": "(isDate(datum[\"yearmonth_date\"]) || (isValid(datum[\"yearmonth_date\"]) && isFinite(+datum[\"yearmonth_date\"]))) && isValid(datum[\"mean_temp_max\"]) && isFinite(+datum[\"mean_temp_max\"])"
        }
      ]
    }
  ],
  "marks": [
    {
      "name": "marks",
      "type": "rect",
      "style": ["bar"],
      "from": {"data": "source_0"},
      "encode": {
        "update": {
          "fill": {"value": "#4c78a8"},
          "ariaRoleDescription": {"value": "bar"},
          "description": {
            "signal": "\"date (year-month): \" + (timeFormat(datum[\"yearmonth_date\"], '%B of %Y')) + \"; Mean of temp_max: \" + (format(datum[\"mean_temp_max\"], \"\"))"
          },
          "x2": {
            "scale": "x",
            "field": "yearmonth_date",
            "offset": {
              "signal": "0.5 + (abs(scale(\"x\", datum[\"yearmonth_date_end\"]) - scale(\"x\", datum[\"yearmonth_date\"])) < 0.25 ? -0.5 * (0.25 - (abs(scale(\"x\", datum[\"yearmonth_date_end\"]) - scale(\"x\", datum[\"yearmonth_date\"])))) : 0.5)"
            }
          },
          "x": {
            "scale": "x",
            "field": "yearmonth_date_end",
            "offset": {
              "signal": "0.5 + (abs(scale(\"x\", datum[\"yearmonth_date_end\"]) - scale(\"x\", datum[\"yearmonth_date\"])) < 0.25 ? 0.5 * (0.25 - (abs(scale(\"x\", datum[\"yearmonth_date_end\"]) - scale(\"x\", datum[\"yearmonth_date\"])))) : -0.5)"
            }
          },
          "y": {"scale": "y", "field": "mean_temp_max"},
          "y2": {"scale": "y", "value": 0}
        }
      }
    }
  ],
  "scales": [
    {
      "name": "x",
      "type": "time",
      "domain": {
        "data": "source_0",
        "fields": ["yearmonth_date", "yearmonth_date_end"]
      },
      "range": [0, {"signal": "width"}]
    },
    {
      "name": "y",
      "type": "linear",
      "domain": {"data": "source_0", "field": "mean_temp_max"},
      "range": [{"signal": "height"}, 0],
      "nice": true,
      "zero": true
    }
  ],
  "axes": [
    {
      "scale": "x",
      "orient": "bottom",
      "gridScale": "y",
      "grid": true,
      "tickCount": {"signal": "ceil(width/40)"},
      "tickMinStep": {
        "signal": "datetime(2001, 1, 1, 0, 0, 0, 0) - datetime(2001, 0, 1, 0, 0, 0, 0)"
      },
      "domain": false,
      "labels": false,
      "aria": false,
      "maxExtent": 0,
      "minExtent": 0,
      "ticks": false,
      "zindex": 0
    },
    {
      "scale": "y",
      "orient": "left",
      "gridScale": "x",
      "grid": true,
      "tickCount": {"signal": "ceil(height/40)"},
      "domain": false,
      "labels": false,
      "aria": false,
      "maxExtent": 0,
      "minExtent": 0,
      "ticks": false,
      "zindex": 0
    },
    {
      "scale": "x",
      "orient": "bottom",
      "grid": false,
      "title": "date (year-month)",
      "format": "%B of %Y",
      "labelFlush": true,
      "labelOverlap": true,
      "tickCount": {"signal": "ceil(width/40)"},
      "tickMinStep": {
        "signal": "datetime(2001, 1, 1, 0, 0, 0, 0) - datetime(2001, 0, 1, 0, 0, 0, 0)"
      },
      "zindex": 0
    },
    {
      "scale": "y",
      "orient": "left",
      "grid": false,
      "title": "Mean of temp_max",
      "labelOverlap": true,
      "tickCount": {"signal": "ceil(height/40)"},
      "zindex": 0
    }
  ]
}
