{
  "$schema": "https://vega.github.io/schema/vega/v5.json",
  "background": "white",
  "padding": 5,
  "width": 200,
  "height": 200,
  "style": "cell",
  "data": [
    {
      "name": "source_0",
      "values": [
        {"a": "null", "b": 28},
        {"a": 33, "b": 55},
        {"a": 33, "b": 43},
        {"a": "null", "b": 91},
        {"a": "null", "b": 81},
        {"a": "null", "b": 53}
      ]
    },
    {
      "name": "data_1",
      "source": "source_0",
      "transform": [
        {
          "type": "joinaggregate",
          "as": ["lower_box_b", "upper_box_b"],
          "ops": ["q1", "q3"],
          "fields": ["b", "b"],
          "groupby": ["a"]
        }
      ]
    },
    {
      "name": "data_2",
      "source": "data_1",
      "transform": [
        {
          "type": "filter",
          "expr": "(datum[\"b\"] < datum[\"lower_box_b\"] - 1.5 * (datum[\"upper_box_b\"] - datum[\"lower_box_b\"])) || (datum[\"b\"] > datum[\"upper_box_b\"] + 1.5 * (datum[\"upper_box_b\"] - datum[\"lower_box_b\"]))"
        },
        {
          "type": "filter",
          "expr": "isValid(datum[\"a\"]) && isFinite(+datum[\"a\"]) && isValid(datum[\"b\"]) && isFinite(+datum[\"b\"])"
        }
      ]
    },
    {
      "name": "data_3",
      "source": "data_1",
      "transform": [
        {
          "type": "filter",
          "expr": "(datum[\"lower_box_b\"] - 1.5 * (datum[\"upper_box_b\"] - datum[\"lower_box_b\"]) <= datum[\"b\"]) && (datum[\"b\"] <= datum[\"upper_box_b\"] + 1.5 * (datum[\"upper_box_b\"] - datum[\"lower_box_b\"]))"
        },
        {
          "type": "aggregate",
          "groupby": ["a"],
          "ops": ["min", "max", "min", "max"],
          "fields": ["b", "b", "lower_box_b", "upper_box_b"],
          "as": [
            "lower_whisker_b",
            "upper_whisker_b",
            "lower_box_b",
            "upper_box_b"
          ]
        }
      ]
    },
    {
      "name": "data_4",
      "source": "data_3",
      "transform": [
        {
          "type": "filter",
          "expr": "isValid(datum[\"a\"]) && isFinite(+datum[\"a\"]) && isValid(datum[\"lower_whisker_b\"]) && isFinite(+datum[\"lower_whisker_b\"])"
        }
      ]
    },
    {
      "name": "data_5",
      "source": "data_3",
      "transform": [
        {
          "type": "filter",
          "expr": "isValid(datum[\"a\"]) && isFinite(+datum[\"a\"]) && isValid(datum[\"upper_box_b\"]) && isFinite(+datum[\"upper_box_b\"])"
        }
      ]
    },
    {
      "name": "data_6",
      "source": "source_0",
      "transform": [
        {
          "type": "aggregate",
          "groupby": ["a"],
          "ops": ["q1", "q3", "median", "min", "max"],
          "fields": ["b", "b", "b", "b", "b"],
          "as": ["lower_box_b", "upper_box_b", "mid_box_b", "min_b", "max_b"]
        }
      ]
    },
    {
      "name": "data_7",
      "source": "data_6",
      "transform": [
        {
          "type": "filter",
          "expr": "isValid(datum[\"a\"]) && isFinite(+datum[\"a\"]) && isValid(datum[\"lower_box_b\"]) && isFinite(+datum[\"lower_box_b\"])"
        }
      ]
    },
    {
      "name": "data_8",
      "source": "data_6",
      "transform": [
        {
          "type": "filter",
          "expr": "isValid(datum[\"a\"]) && isFinite(+datum[\"a\"]) && isValid(datum[\"mid_box_b\"]) && isFinite(+datum[\"mid_box_b\"])"
        }
      ]
    }
  ],
  "marks": [
    {
      "name": "layer_0_layer_0_marks",
      "type": "symbol",
      "style": ["point", "boxplot-outliers"],
      "from": {"data": "data_2"},
      "encode": {
        "update": {
          "opacity": {"value": 0.7},
          "fill": {"value": "transparent"},
          "stroke": {"value": "#4c78a8"},
          "ariaRoleDescription": {"value": "point"},
          "description": {
            "signal": "\"a: \" + (format(datum[\"a\"], \"\")) + \"; b: \" + (format(datum[\"b\"], \"\"))"
          },
          "x": {"scale": "x", "field": "a"},
          "y": {"scale": "y", "field": "b"}
        }
      }
    },
    {
      "name": "layer_0_layer_1_layer_0_marks",
      "type": "rule",
      "style": ["rule", "boxplot-rule"],
      "aria": false,
      "from": {"data": "data_4"},
      "encode": {
        "update": {
          "stroke": {"value": "black"},
          "tooltip": {
            "signal": "{\"Upper Whisker of b\": format(datum[\"upper_whisker_b\"], \"\"), \"Lower Whisker of b\": format(datum[\"lower_whisker_b\"], \"\"), \"a\": format(datum[\"a\"], \"\")}"
          },
          "x": {"scale": "x", "field": "a"},
          "y": {"scale": "y", "field": "lower_whisker_b"},
          "y2": {"scale": "y", "field": "lower_box_b"}
        }
      }
    },
    {
      "name": "layer_0_layer_1_layer_1_marks",
      "type": "rule",
      "style": ["rule", "boxplot-rule"],
      "aria": false,
      "from": {"data": "data_5"},
      "encode": {
        "update": {
          "stroke": {"value": "black"},
          "tooltip": {
            "signal": "{\"Upper Whisker of b\": format(datum[\"upper_whisker_b\"], \"\"), \"Lower Whisker of b\": format(datum[\"lower_whisker_b\"], \"\"), \"a\": format(datum[\"a\"], \"\")}"
          },
          "x": {"scale": "x", "field": "a"},
          "y": {"scale": "y", "field": "upper_box_b"},
          "y2": {"scale": "y", "field": "upper_whisker_b"}
        }
      }
    },
    {
      "name": "layer_1_layer_0_marks",
      "type": "rect",
      "style": ["bar", "boxplot-box"],
      "from": {"data": "data_7"},
      "encode": {
        "update": {
          "ariaRoleDescription": {"value": "box"},
          "fill": {"value": "#4c78a8"},
          "tooltip": {
            "signal": "{\"Max of b\": format(datum[\"max_b\"], \"\"), \"Q3 of b\": format(datum[\"upper_box_b\"], \"\"), \"Median of b\": format(datum[\"mid_box_b\"], \"\"), \"Q1 of b\": format(datum[\"lower_box_b\"], \"\"), \"Min of b\": format(datum[\"min_b\"], \"\"), \"a\": format(datum[\"a\"], \"\")}"
          },
          "description": {
            "signal": "\"a: \" + (format(datum[\"a\"], \"\")) + \"; b: \" + (format(datum[\"lower_box_b\"], \"\")) + \"; upper_box_b: \" + (format(datum[\"upper_box_b\"], \"\")) + \"; Max of b: \" + (format(datum[\"max_b\"], \"\")) + \"; Q3 of b: \" + (format(datum[\"upper_box_b\"], \"\")) + \"; Median of b: \" + (format(datum[\"mid_box_b\"], \"\")) + \"; Q1 of b: \" + (format(datum[\"lower_box_b\"], \"\")) + \"; Min of b: \" + (format(datum[\"min_b\"], \"\"))"
          },
          "xc": {"scale": "x", "field": "a"},
          "width": {"value": 14},
          "y": {"scale": "y", "field": "lower_box_b"},
          "y2": {"scale": "y", "field": "upper_box_b"}
        }
      }
    },
    {
      "name": "layer_1_layer_1_marks",
      "type": "rect",
      "style": ["tick", "boxplot-median"],
      "aria": false,
      "from": {"data": "data_8"},
      "encode": {
        "update": {
          "opacity": {"value": 0.7},
          "fill": {"value": "white"},
          "tooltip": {
            "signal": "{\"Max of b\": format(datum[\"max_b\"], \"\"), \"Q3 of b\": format(datum[\"upper_box_b\"], \"\"), \"Median of b\": format(datum[\"mid_box_b\"], \"\"), \"Q1 of b\": format(datum[\"lower_box_b\"], \"\"), \"Min of b\": format(datum[\"min_b\"], \"\"), \"a\": format(datum[\"a\"], \"\")}"
          },
          "xc": {"scale": "x", "field": "a"},
          "yc": {"scale": "y", "field": "mid_box_b"},
          "width": {"value": 14},
          "height": {"value": 1}
        }
      }
    }
  ],
  "scales": [
    {
      "name": "x",
      "type": "linear",
      "domain": {
        "fields": [
          {"data": "data_2", "field": "a"},
          {"data": "data_4", "field": "a"},
          {"data": "data_5", "field": "a"},
          {"data": "data_7", "field": "a"},
          {"data": "data_8", "field": "a"}
        ]
      },
      "range": [0, {"signal": "width"}],
      "nice": true,
      "zero": true,
      "padding": 5
    },
    {
      "name": "y",
      "type": "linear",
      "domain": {
        "fields": [
          {"data": "data_2", "field": "b"},
          {"data": "data_4", "field": "lower_whisker_b"},
          {"data": "data_4", "field": "lower_box_b"},
          {"data": "data_5", "field": "upper_box_b"},
          {"data": "data_5", "field": "upper_whisker_b"},
          {"data": "data_7", "field": "lower_box_b"},
          {"data": "data_7", "field": "upper_box_b"},
          {"data": "data_8", "field": "mid_box_b"}
        ]
      },
      "range": [{"signal": "height"}, 0],
      "nice": true,
      "zero": true
    }
  ],
  "axes": [
    {
      "scale": "x",
      "orient": "bottom",
      "gridScale": "y",
      "grid": true,
      "tickCount": {"signal": "ceil(width/40)"},
      "domain": false,
      "labels": false,
      "aria": false,
      "maxExtent": 0,
      "minExtent": 0,
      "ticks": false,
      "zindex": 0
    },
    {
      "scale": "y",
      "orient": "left",
      "gridScale": "x",
      "grid": true,
      "tickCount": {"signal": "ceil(height/40)"},
      "domain": false,
      "labels": false,
      "aria": false,
      "maxExtent": 0,
      "minExtent": 0,
      "ticks": false,
      "zindex": 0
    },
    {
      "scale": "x",
      "orient": "bottom",
      "grid": false,
      "title": "a",
      "labelAngle": 0,
      "labelBaseline": "top",
      "labelFlush": true,
      "labelOverlap": true,
      "tickCount": {"signal": "ceil(width/40)"},
      "zindex": 0
    },
    {
      "scale": "y",
      "orient": "left",
      "grid": false,
      "title": "b",
      "labelOverlap": true,
      "tickCount": {"signal": "ceil(height/40)"},
      "zindex": 0
    }
  ]
}
