{
  "$schema": "https://vega.github.io/schema/vega/v5.json",
  "background": "white",
  "padding": 5,
  "height": 200,
  "style": "cell",
  "data": [
    {
      "name": "source_0",
      "url": "data/movies.json",
      "format": {"type": "json"},
      "transform": [
        {
          "type": "extent",
          "field": "IMDB Rating",
          "signal": "bin_maxbins_10_IMDB_Rating_extent"
        },
        {
          "type": "bin",
          "field": "IMDB Rating",
          "as": [
            "bin_maxbins_10_IMDB Rating",
            "bin_maxbins_10_IMDB Rating_end"
          ],
          "signal": "bin_maxbins_10_IMDB_Rating_bins",
          "extent": {"signal": "bin_maxbins_10_IMDB_Rating_extent"},
          "maxbins": 10
        },
        {
          "type": "formula",
          "expr": "!isValid(datum[\"bin_maxbins_10_IMDB Rating\"]) || !isFinite(+datum[\"bin_maxbins_10_IMDB Rating\"]) ? \"null\" : format(datum[\"bin_maxbins_10_IMDB Rating\"], \"\") + \" – \" + format(datum[\"bin_maxbins_10_IMDB Rating_end\"], \"\")",
          "as": "bin_maxbins_10_IMDB Rating_range"
        }
      ]
    },
    {
      "name": "data_0",
      "source": "source_0",
      "transform": [
        {
          "type": "aggregate",
          "groupby": [
            "bin_maxbins_10_IMDB Rating",
            "bin_maxbins_10_IMDB Rating_end",
            "bin_maxbins_10_IMDB Rating_range"
          ],
          "ops": ["count"],
          "fields": [null],
          "as": ["__count"]
        }
      ]
    }
  ],
  "signals": [
    {"name": "x_step", "value": 20},
    {
      "name": "width",
      "update": "bandspace(domain('x').length, 0.1, 0.05) * x_step"
    }
  ],
  "marks": [
    {
      "name": "marks",
      "type": "rect",
      "style": ["bar"],
      "from": {"data": "data_0"},
      "encode": {
        "update": {
          "fill": {"value": "#4c78a8"},
          "ariaRoleDescription": {"value": "bar"},
          "description": {
            "signal": "\"IMDB Rating (binned): \" + (!isValid(datum[\"bin_maxbins_10_IMDB Rating\"]) || !isFinite(+datum[\"bin_maxbins_10_IMDB Rating\"]) ? \"null\" : format(datum[\"bin_maxbins_10_IMDB Rating\"], \"\") + \" – \" + format(datum[\"bin_maxbins_10_IMDB Rating_end\"], \"\")) + \"; Count of Records: \" + (format(datum[\"__count\"], \"\"))"
          },
          "x": {"scale": "x", "field": "bin_maxbins_10_IMDB Rating_range"},
          "width": {"signal": "max(0.25, bandwidth('x'))"},
          "y": {"scale": "y", "field": "__count"},
          "y2": {"scale": "y", "value": 0}
        }
      }
    }
  ],
  "scales": [
    {
      "name": "x",
      "type": "band",
      "domain": {
        "data": "source_0",
        "field": "bin_maxbins_10_IMDB Rating_range",
        "sort": {"op": "count", "order": "descending"}
      },
      "range": {"step": {"signal": "x_step"}},
      "paddingInner": 0.1,
      "paddingOuter": 0.05
    },
    {
      "name": "y",
      "type": "linear",
      "domain": {"data": "data_0", "field": "__count"},
      "range": [{"signal": "height"}, 0],
      "nice": true,
      "zero": true
    }
  ],
  "axes": [
    {
      "scale": "y",
      "orient": "left",
      "gridScale": "x",
      "grid": true,
      "tickCount": {"signal": "ceil(height/40)"},
      "domain": false,
      "labels": false,
      "aria": false,
      "maxExtent": 0,
      "minExtent": 0,
      "ticks": false,
      "zindex": 0
    },
    {
      "scale": "x",
      "orient": "bottom",
      "grid": false,
      "title": "IMDB Rating (binned)",
      "labelAlign": "right",
      "labelAngle": 270,
      "labelBaseline": "middle",
      "zindex": 0
    },
    {
      "scale": "y",
      "orient": "left",
      "grid": false,
      "title": "Count of Records",
      "labelOverlap": true,
      "tickCount": {"signal": "ceil(height/40)"},
      "zindex": 0
    }
  ]
}
