{
  "$schema": "https://vega.github.io/schema/vega/v5.json",
  "background": "white",
  "padding": 5,
  "width": 400,
  "height": 300,
  "style": "cell",
  "data": [
    {"name": "label_store"},
    {
      "name": "source_0",
      "url": "data/stocks.csv",
      "format": {"type": "csv", "parse": {"date": "date"}}
    },
    {
      "name": "data_0",
      "source": "source_0",
      "transform": [
        {
          "type": "filter",
          "expr": "(isDate(datum[\"date\"]) || (isValid(datum[\"date\"]) && isFinite(+datum[\"date\"]))) && isValid(datum[\"price\"]) && isFinite(+datum[\"price\"])"
        }
      ]
    },
    {
      "name": "data_1",
      "source": "source_0",
      "transform": [
        {
          "type": "filter",
          "expr": "length(data(\"label_store\")) && vlSelectionTest(\"label_store\", datum)"
        }
      ]
    },
    {
      "name": "data_2",
      "source": "data_1",
      "transform": [
        {
          "type": "aggregate",
          "groupby": [],
          "ops": ["min"],
          "fields": ["date"],
          "as": ["min_date"]
        },
        {
          "type": "filter",
          "expr": "(isDate(datum[\"min_date\"]) || (isValid(datum[\"min_date\"]) && isFinite(+datum[\"min_date\"])))"
        }
      ]
    },
    {
      "name": "data_3",
      "source": "data_1",
      "transform": [
        {
          "type": "filter",
          "expr": "(isDate(datum[\"date\"]) || (isValid(datum[\"date\"]) && isFinite(+datum[\"date\"]))) && isValid(datum[\"price\"]) && isFinite(+datum[\"price\"])"
        }
      ]
    }
  ],
  "signals": [
    {
      "name": "unit",
      "value": {},
      "on": [
        {"events": "pointermove", "update": "isTuple(group()) ? group() : unit"}
      ]
    },
    {
      "name": "label",
      "update": "vlSelectionResolve(\"label_store\", \"union\", true, true)"
    },
    {
      "name": "label_tuple",
      "on": [
        {
          "events": [
            {
              "source": "scope",
              "type": "pointerover",
              "markname": "layer_0_layer_1_voronoi"
            }
          ],
          "update": "datum && item().mark.marktype !== 'group' && indexof(item().mark.role, 'legend') < 0 ? {unit: \"layer_0_layer_1\", fields: label_tuple_fields, values: [(item().isVoronoi ? datum.datum : datum)[\"date\"]]} : null",
          "force": true
        },
        {"events": [{"source": "view", "type": "dblclick"}], "update": "null"}
      ]
    },
    {
      "name": "label_tuple_fields",
      "value": [{"field": "date", "channel": "x", "type": "E"}]
    },
    {
      "name": "label_toggle",
      "value": false,
      "on": [
        {
          "events": [
            {
              "source": "scope",
              "type": "pointerover",
              "markname": "layer_0_layer_1_voronoi"
            }
          ],
          "update": "event.shiftKey"
        },
        {"events": [{"source": "view", "type": "dblclick"}], "update": "false"}
      ]
    },
    {
      "name": "label_modify",
      "on": [
        {
          "events": {"signal": "label_tuple"},
          "update": "modify(\"label_store\", label_toggle ? null : label_tuple, label_toggle ? null : true, label_toggle ? label_tuple : null)"
        }
      ]
    }
  ],
  "marks": [
    {
      "name": "layer_0_layer_0_pathgroup",
      "type": "group",
      "from": {
        "facet": {
          "name": "faceted_path_layer_0_layer_0_main",
          "data": "source_0",
          "groupby": ["symbol"]
        }
      },
      "encode": {
        "update": {
          "width": {"field": {"group": "width"}},
          "height": {"field": {"group": "height"}}
        }
      },
      "marks": [
        {
          "name": "layer_0_layer_0_marks",
          "type": "line",
          "style": ["line"],
          "sort": {"field": "datum[\"date\"]"},
          "interactive": false,
          "from": {"data": "faceted_path_layer_0_layer_0_main"},
          "encode": {
            "update": {
              "stroke": {"scale": "color", "field": "symbol"},
              "description": {
                "signal": "\"date: \" + (timeFormat(datum[\"date\"], '%b %d, %Y')) + \"; price: \" + (format(datum[\"price\"], \"\")) + \"; symbol: \" + (isValid(datum[\"symbol\"]) ? datum[\"symbol\"] : \"\"+datum[\"symbol\"])"
              },
              "x": {"scale": "x", "field": "date"},
              "y": {"scale": "y", "field": "price"},
              "defined": {
                "signal": "isValid(datum[\"date\"]) && isFinite(+datum[\"date\"]) && isValid(datum[\"price\"]) && isFinite(+datum[\"price\"])"
              }
            }
          }
        }
      ]
    },
    {
      "name": "layer_0_layer_1_marks",
      "type": "symbol",
      "style": ["point"],
      "interactive": true,
      "from": {"data": "data_0"},
      "encode": {
        "update": {
          "opacity": [
            {
              "test": "length(data(\"label_store\")) && vlSelectionTest(\"label_store\", datum)",
              "value": 1
            },
            {"value": 0}
          ],
          "fill": {"value": "transparent"},
          "stroke": {"scale": "color", "field": "symbol"},
          "ariaRoleDescription": {"value": "point"},
          "description": {
            "signal": "\"date: \" + (timeFormat(datum[\"date\"], '%b %d, %Y')) + \"; price: \" + (format(datum[\"price\"], \"\")) + \"; symbol: \" + (isValid(datum[\"symbol\"]) ? datum[\"symbol\"] : \"\"+datum[\"symbol\"])"
          },
          "x": {"scale": "x", "field": "date"},
          "y": {"scale": "y", "field": "price"}
        }
      }
    },
    {
      "name": "layer_0_layer_1_voronoi",
      "type": "path",
      "interactive": true,
      "from": {"data": "layer_0_layer_1_marks"},
      "encode": {
        "update": {
          "fill": {"value": "transparent"},
          "strokeWidth": {"value": 0.35},
          "stroke": {"value": "transparent"},
          "isVoronoi": {"value": true}
        }
      },
      "transform": [
        {
          "type": "voronoi",
          "x": {"expr": "datum.datum.x || 0"},
          "y": {"expr": "0"},
          "size": [{"signal": "width"}, {"signal": "height"}]
        }
      ]
    },
    {
      "name": "layer_1_layer_0_marks",
      "type": "rule",
      "style": ["rule"],
      "interactive": false,
      "from": {"data": "data_2"},
      "encode": {
        "update": {
          "stroke": {"value": "gray"},
          "description": {
            "signal": "\"Min of date: \" + (timeFormat(datum[\"min_date\"], '%b %d, %Y'))"
          },
          "x": {"scale": "x", "field": "min_date"},
          "y": {"value": 0},
          "y2": {"field": {"group": "height"}}
        }
      }
    },
    {
      "name": "layer_1_layer_1_layer_0_marks",
      "type": "text",
      "style": ["text"],
      "interactive": false,
      "from": {"data": "data_3"},
      "encode": {
        "update": {
          "stroke": {"value": "white"},
          "strokeWidth": {"value": 2},
          "align": {"value": "left"},
          "dx": {"value": 5},
          "dy": {"value": -5},
          "fill": {"value": "black"},
          "description": {
            "signal": "\"date: \" + (timeFormat(datum[\"date\"], '%b %d, %Y')) + \"; price: \" + (format(datum[\"price\"], \"\"))"
          },
          "x": {"scale": "x", "field": "date"},
          "y": {"scale": "y", "field": "price"},
          "text": {"signal": "format(datum[\"price\"], \"\")"},
          "baseline": {"value": "middle"}
        }
      }
    },
    {
      "name": "layer_1_layer_1_layer_1_marks",
      "type": "text",
      "style": ["text"],
      "interactive": false,
      "from": {"data": "data_3"},
      "encode": {
        "update": {
          "align": {"value": "left"},
          "dx": {"value": 5},
          "dy": {"value": -5},
          "fill": {"scale": "color", "field": "symbol"},
          "description": {
            "signal": "\"date: \" + (timeFormat(datum[\"date\"], '%b %d, %Y')) + \"; price: \" + (format(datum[\"price\"], \"\")) + \"; symbol: \" + (isValid(datum[\"symbol\"]) ? datum[\"symbol\"] : \"\"+datum[\"symbol\"])"
          },
          "x": {"scale": "x", "field": "date"},
          "y": {"scale": "y", "field": "price"},
          "text": {"signal": "format(datum[\"price\"], \"\")"},
          "baseline": {"value": "middle"}
        }
      }
    }
  ],
  "scales": [
    {
      "name": "x",
      "type": "time",
      "domain": {
        "fields": [
          {"data": "source_0", "field": "date"},
          {"data": "data_0", "field": "date"},
          {"data": "data_2", "field": "min_date"},
          {"data": "data_3", "field": "date"}
        ]
      },
      "range": [0, {"signal": "width"}]
    },
    {
      "name": "y",
      "type": "linear",
      "domain": {
        "fields": [
          {"data": "source_0", "field": "price"},
          {"data": "data_0", "field": "price"},
          {"data": "data_3", "field": "price"}
        ]
      },
      "range": [{"signal": "height"}, 0],
      "nice": true,
      "zero": true
    },
    {
      "name": "color",
      "type": "ordinal",
      "domain": {
        "fields": [
          {"data": "source_0", "field": "symbol"},
          {"data": "data_0", "field": "symbol"},
          {"data": "data_3", "field": "symbol"}
        ],
        "sort": true
      },
      "range": "category"
    }
  ],
  "axes": [
    {
      "scale": "x",
      "orient": "bottom",
      "gridScale": "y",
      "grid": true,
      "tickCount": {"signal": "ceil(width/40)"},
      "domain": false,
      "labels": false,
      "aria": false,
      "maxExtent": 0,
      "minExtent": 0,
      "ticks": false,
      "zindex": 0
    },
    {
      "scale": "y",
      "orient": "left",
      "gridScale": "x",
      "grid": true,
      "tickCount": {"signal": "ceil(height/40)"},
      "domain": false,
      "labels": false,
      "aria": false,
      "maxExtent": 0,
      "minExtent": 0,
      "ticks": false,
      "zindex": 0
    },
    {
      "scale": "x",
      "orient": "bottom",
      "grid": false,
      "title": "date, Min of date",
      "labelFlush": true,
      "labelOverlap": true,
      "tickCount": {"signal": "ceil(width/40)"},
      "zindex": 0
    },
    {
      "scale": "y",
      "orient": "left",
      "grid": false,
      "title": "price",
      "labelOverlap": true,
      "tickCount": {"signal": "ceil(height/40)"},
      "zindex": 0
    }
  ],
  "legends": [
    {
      "stroke": "color",
      "symbolType": "circle",
      "title": "symbol",
      "encode": {"symbols": {"update": {"opacity": {"value": 1}}}},
      "fill": "color"
    }
  ]
}
