{
  "$schema": "https://vega.github.io/schema/vega/v5.json",
  "background": "white",
  "padding": 5,
  "width": 200,
  "height": 200,
  "style": "cell",
  "data": [
    {
      "name": "CylYr_store",
      "values": [
        {
          "unit": "",
          "fields": [
            {"type": "E", "field": "Cylinders"},
            {"type": "E", "field": "Year"}
          ],
          "values": [4, 1981]
        },
        {
          "unit": "",
          "fields": [
            {"type": "E", "field": "Cylinders"},
            {"type": "E", "field": "Year"}
          ],
          "values": [8, 1972]
        }
      ]
    },
    {
      "name": "source_0",
      "url": "data/cars.json",
      "format": {"type": "json"},
      "transform": [
        {"type": "formula", "expr": "year(datum.Year)", "as": "Year"},
        {
          "type": "filter",
          "expr": "isValid(datum[\"Horsepower\"]) && isFinite(+datum[\"Horsepower\"]) && isValid(datum[\"Miles_per_Gallon\"]) && isFinite(+datum[\"Miles_per_Gallon\"])"
        }
      ]
    }
  ],
  "signals": [
    {
      "name": "unit",
      "value": {},
      "on": [
        {"events": "pointermove", "update": "isTuple(group()) ? group() : unit"}
      ]
    },
    {
      "name": "CylYr",
      "update": "vlSelectionResolve(\"CylYr_store\", \"union\", true, true)"
    },
    {
      "name": "CylYr_tuple",
      "on": [
        {
          "events": [{"source": "scope", "type": "click"}],
          "update": "datum && item().mark.marktype !== 'group' && indexof(item().mark.role, 'legend') < 0 ? {unit: \"\", fields: CylYr_tuple_fields, values: [(item().isVoronoi ? datum.datum : datum)[\"Cylinders\"], (item().isVoronoi ? datum.datum : datum)[\"Year\"]]} : null",
          "force": true
        },
        {"events": [{"source": "view", "type": "dblclick"}], "update": "null"}
      ]
    },
    {
      "name": "CylYr_tuple_fields",
      "value": [
        {"type": "E", "field": "Cylinders"},
        {"type": "E", "field": "Year"}
      ]
    },
    {
      "name": "CylYr_toggle",
      "value": false,
      "on": [
        {
          "events": [{"source": "scope", "type": "click"}],
          "update": "event.shiftKey"
        },
        {"events": [{"source": "view", "type": "dblclick"}], "update": "false"}
      ]
    },
    {
      "name": "CylYr_modify",
      "on": [
        {
          "events": {"signal": "CylYr_tuple"},
          "update": "modify(\"CylYr_store\", CylYr_toggle ? null : CylYr_tuple, CylYr_toggle ? null : true, CylYr_toggle ? CylYr_tuple : null)"
        }
      ]
    }
  ],
  "marks": [
    {
      "name": "marks",
      "type": "symbol",
      "style": ["circle"],
      "interactive": true,
      "from": {"data": "source_0"},
      "encode": {
        "update": {
          "opacity": {"value": 0.7},
          "fill": [
            {
              "test": "!length(data(\"CylYr_store\")) || vlSelectionTest(\"CylYr_store\", datum)",
              "scale": "color",
              "field": "Origin"
            },
            {"value": "grey"}
          ],
          "ariaRoleDescription": {"value": "circle"},
          "description": {
            "signal": "\"Horsepower: \" + (format(datum[\"Horsepower\"], \"\")) + \"; Miles_per_Gallon: \" + (format(datum[\"Miles_per_Gallon\"], \"\")) + \"; Origin: \" + (isValid(datum[\"Origin\"]) ? datum[\"Origin\"] : \"\"+datum[\"Origin\"])"
          },
          "x": {"scale": "x", "field": "Horsepower"},
          "y": {"scale": "y", "field": "Miles_per_Gallon"},
          "shape": {"value": "circle"}
        }
      }
    }
  ],
  "scales": [
    {
      "name": "x",
      "type": "linear",
      "domain": {"data": "source_0", "field": "Horsepower"},
      "range": [0, {"signal": "width"}],
      "nice": true,
      "zero": true
    },
    {
      "name": "y",
      "type": "linear",
      "domain": {"data": "source_0", "field": "Miles_per_Gallon"},
      "range": [{"signal": "height"}, 0],
      "nice": true,
      "zero": true
    },
    {
      "name": "color",
      "type": "ordinal",
      "domain": {"data": "source_0", "field": "Origin", "sort": true},
      "range": "category"
    }
  ],
  "axes": [
    {
      "scale": "x",
      "orient": "bottom",
      "gridScale": "y",
      "grid": true,
      "tickCount": {"signal": "ceil(width/40)"},
      "domain": false,
      "labels": false,
      "aria": false,
      "maxExtent": 0,
      "minExtent": 0,
      "ticks": false,
      "zindex": 0
    },
    {
      "scale": "y",
      "orient": "left",
      "gridScale": "x",
      "grid": true,
      "tickCount": {"signal": "ceil(height/40)"},
      "domain": false,
      "labels": false,
      "aria": false,
      "maxExtent": 0,
      "minExtent": 0,
      "ticks": false,
      "zindex": 0
    },
    {
      "scale": "x",
      "orient": "bottom",
      "grid": false,
      "title": "Horsepower",
      "labelFlush": true,
      "labelOverlap": true,
      "tickCount": {"signal": "ceil(width/40)"},
      "zindex": 0
    },
    {
      "scale": "y",
      "orient": "left",
      "grid": false,
      "title": "Miles_per_Gallon",
      "labelOverlap": true,
      "tickCount": {"signal": "ceil(height/40)"},
      "zindex": 0
    }
  ],
  "legends": [
    {
      "fill": "color",
      "symbolType": "circle",
      "title": "Origin",
      "encode": {"symbols": {"update": {"opacity": {"value": 0.7}}}}
    }
  ]
}
