{
  "$schema": "https://vega.github.io/schema/vega/v5.json",
  "background": "white",
  "padding": 5,
  "data": [
    {"name": "brush_store"},
    {
      "name": "source_0",
      "url": "data/flights-2k.json",
      "format": {"type": "json", "parse": {"date": "date"}},
      "transform": [
        {
          "type": "extent",
          "field": "delay",
          "signal": "child__column_delay_layer_1_bin_maxbins_20_delay_extent"
        },
        {
          "type": "bin",
          "field": "delay",
          "as": ["bin_maxbins_20_delay", "bin_maxbins_20_delay_end"],
          "signal": "child__column_delay_layer_1_bin_maxbins_20_delay_bins",
          "extent": {
            "signal": "child__column_delay_layer_1_bin_maxbins_20_delay_extent"
          },
          "maxbins": 20
        },
        {
          "type": "extent",
          "field": "distance",
          "signal": "child__column_distance_layer_0_bin_maxbins_20_distance_extent"
        },
        {
          "type": "bin",
          "field": "distance",
          "as": ["bin_maxbins_20_distance", "bin_maxbins_20_distance_end"],
          "signal": "child__column_distance_layer_0_bin_maxbins_20_distance_bins",
          "extent": {
            "signal": "child__column_distance_layer_0_bin_maxbins_20_distance_extent"
          },
          "maxbins": 20
        },
        {"type": "formula", "expr": "hours(datum.date)", "as": "time"}
      ]
    },
    {
      "name": "data_0",
      "source": "source_0",
      "transform": [
        {
          "type": "extent",
          "field": "time",
          "signal": "child__column_time_layer_1_bin_maxbins_20_time_extent"
        },
        {
          "type": "bin",
          "field": "time",
          "as": ["bin_maxbins_20_time", "bin_maxbins_20_time_end"],
          "signal": "child__column_time_layer_1_bin_maxbins_20_time_bins",
          "extent": {
            "signal": "child__column_time_layer_1_bin_maxbins_20_time_extent"
          },
          "maxbins": 20
        }
      ]
    },
    {
      "name": "data_1",
      "source": "data_0",
      "transform": [
        {
          "type": "filter",
          "expr": "!length(data(\"brush_store\")) || vlSelectionTest(\"brush_store\", datum)"
        },
        {
          "type": "aggregate",
          "groupby": ["bin_maxbins_20_time", "bin_maxbins_20_time_end"],
          "ops": ["count"],
          "fields": [null],
          "as": ["__count"]
        },
        {
          "type": "filter",
          "expr": "isValid(datum[\"bin_maxbins_20_time\"]) && isFinite(+datum[\"bin_maxbins_20_time\"])"
        }
      ]
    },
    {
      "name": "data_2",
      "source": "data_0",
      "transform": [
        {
          "type": "aggregate",
          "groupby": ["bin_maxbins_20_time", "bin_maxbins_20_time_end"],
          "ops": ["count"],
          "fields": [null],
          "as": ["__count"]
        },
        {
          "type": "filter",
          "expr": "isValid(datum[\"bin_maxbins_20_time\"]) && isFinite(+datum[\"bin_maxbins_20_time\"])"
        }
      ]
    },
    {
      "name": "data_3",
      "source": "source_0",
      "transform": [
        {
          "type": "filter",
          "expr": "!length(data(\"brush_store\")) || vlSelectionTest(\"brush_store\", datum)"
        }
      ]
    },
    {
      "name": "data_4",
      "source": "data_3",
      "transform": [
        {
          "type": "aggregate",
          "groupby": ["bin_maxbins_20_delay", "bin_maxbins_20_delay_end"],
          "ops": ["count"],
          "fields": [null],
          "as": ["__count"]
        },
        {
          "type": "filter",
          "expr": "isValid(datum[\"bin_maxbins_20_delay\"]) && isFinite(+datum[\"bin_maxbins_20_delay\"])"
        }
      ]
    },
    {
      "name": "data_5",
      "source": "data_3",
      "transform": [
        {
          "type": "aggregate",
          "groupby": ["bin_maxbins_20_distance", "bin_maxbins_20_distance_end"],
          "ops": ["count"],
          "fields": [null],
          "as": ["__count"]
        },
        {
          "type": "filter",
          "expr": "isValid(datum[\"bin_maxbins_20_distance\"]) && isFinite(+datum[\"bin_maxbins_20_distance\"])"
        }
      ]
    },
    {
      "name": "data_6",
      "source": "source_0",
      "transform": [
        {
          "type": "aggregate",
          "groupby": ["bin_maxbins_20_distance", "bin_maxbins_20_distance_end"],
          "ops": ["count"],
          "fields": [null],
          "as": ["__count"]
        },
        {
          "type": "filter",
          "expr": "isValid(datum[\"bin_maxbins_20_distance\"]) && isFinite(+datum[\"bin_maxbins_20_distance\"])"
        }
      ]
    },
    {
      "name": "data_7",
      "source": "source_0",
      "transform": [
        {
          "type": "aggregate",
          "groupby": ["bin_maxbins_20_delay", "bin_maxbins_20_delay_end"],
          "ops": ["count"],
          "fields": [null],
          "as": ["__count"]
        },
        {
          "type": "filter",
          "expr": "isValid(datum[\"bin_maxbins_20_delay\"]) && isFinite(+datum[\"bin_maxbins_20_delay\"])"
        }
      ]
    }
  ],
  "signals": [
    {"name": "childWidth", "value": 200},
    {"name": "childHeight", "value": 200},
    {
      "name": "unit",
      "value": {},
      "on": [
        {"events": "pointermove", "update": "isTuple(group()) ? group() : unit"}
      ]
    },
    {
      "name": "brush",
      "update": "vlSelectionResolve(\"brush_store\", \"union\", true, true)"
    }
  ],
  "layout": {"padding": 20, "columns": 3, "bounds": "full", "align": "all"},
  "marks": [
    {
      "type": "group",
      "name": "child__column_distance_group",
      "style": "cell",
      "encode": {
        "update": {
          "width": {"signal": "childWidth"},
          "height": {"signal": "childHeight"}
        }
      },
      "signals": [
        {
          "name": "brush_tuple",
          "on": [
            {
              "events": [{"source": "scope", "type": "click"}],
              "update": "datum && item().mark.marktype !== 'group' && indexof(item().mark.role, 'legend') < 0 ? {unit: \"child__column_distance_layer_0\", fields: brush_tuple_fields, values: [[(item().isVoronoi ? datum.datum : datum)[\"bin_maxbins_20_distance\"], (item().isVoronoi ? datum.datum : datum)[\"bin_maxbins_20_distance_end\"]]]} : null",
              "force": true
            },
            {
              "events": [{"source": "view", "type": "dblclick"}],
              "update": "null"
            }
          ]
        },
        {
          "name": "brush_tuple_fields",
          "value": [{"field": "distance", "channel": "x", "type": "R-RE"}]
        },
        {
          "name": "brush_toggle",
          "value": false,
          "on": [
            {
              "events": [{"source": "scope", "type": "click"}],
              "update": "event.shiftKey"
            },
            {
              "events": [{"source": "view", "type": "dblclick"}],
              "update": "false"
            }
          ]
        },
        {
          "name": "brush_modify",
          "on": [
            {
              "events": {"signal": "brush_tuple"},
              "update": "modify(\"brush_store\", brush_toggle ? null : brush_tuple, brush_toggle ? null : true, brush_toggle ? brush_tuple : null)"
            }
          ]
        }
      ],
      "marks": [
        {
          "name": "child__column_distance_layer_0_marks",
          "type": "rect",
          "style": ["bar"],
          "interactive": true,
          "from": {"data": "data_6"},
          "encode": {
            "update": {
              "fill": {"value": "#ddd"},
              "ariaRoleDescription": {"value": "bar"},
              "description": {
                "signal": "\"distance (binned): \" + (!isValid(datum[\"bin_maxbins_20_distance\"]) || !isFinite(+datum[\"bin_maxbins_20_distance\"]) ? \"null\" : format(datum[\"bin_maxbins_20_distance\"], \"\") + \" – \" + format(datum[\"bin_maxbins_20_distance_end\"], \"\")) + \"; Count of Records: \" + (format(datum[\"__count\"], \"\"))"
              },
              "x2": {
                "scale": "child__column_distance_x",
                "field": "bin_maxbins_20_distance",
                "offset": {
                  "signal": "0.5 + (abs(scale(\"child__column_distance_x\", datum[\"bin_maxbins_20_distance_end\"]) - scale(\"child__column_distance_x\", datum[\"bin_maxbins_20_distance\"])) < 0.25 ? -0.5 * (0.25 - (abs(scale(\"child__column_distance_x\", datum[\"bin_maxbins_20_distance_end\"]) - scale(\"child__column_distance_x\", datum[\"bin_maxbins_20_distance\"])))) : 0.5)"
                }
              },
              "x": {
                "scale": "child__column_distance_x",
                "field": "bin_maxbins_20_distance_end",
                "offset": {
                  "signal": "0.5 + (abs(scale(\"child__column_distance_x\", datum[\"bin_maxbins_20_distance_end\"]) - scale(\"child__column_distance_x\", datum[\"bin_maxbins_20_distance\"])) < 0.25 ? 0.5 * (0.25 - (abs(scale(\"child__column_distance_x\", datum[\"bin_maxbins_20_distance_end\"]) - scale(\"child__column_distance_x\", datum[\"bin_maxbins_20_distance\"])))) : -0.5)"
                }
              },
              "y": {"scale": "child__column_distance_y", "field": "__count"},
              "y2": {"scale": "child__column_distance_y", "value": 0}
            }
          }
        },
        {
          "name": "child__column_distance_layer_1_marks",
          "type": "rect",
          "style": ["bar"],
          "interactive": false,
          "from": {"data": "data_5"},
          "encode": {
            "update": {
              "fill": {"value": "#4c78a8"},
              "ariaRoleDescription": {"value": "bar"},
              "description": {
                "signal": "\"distance (binned): \" + (!isValid(datum[\"bin_maxbins_20_distance\"]) || !isFinite(+datum[\"bin_maxbins_20_distance\"]) ? \"null\" : format(datum[\"bin_maxbins_20_distance\"], \"\") + \" – \" + format(datum[\"bin_maxbins_20_distance_end\"], \"\")) + \"; Count of Records: \" + (format(datum[\"__count\"], \"\"))"
              },
              "x2": {
                "scale": "child__column_distance_x",
                "field": "bin_maxbins_20_distance",
                "offset": {
                  "signal": "0.5 + (abs(scale(\"child__column_distance_x\", datum[\"bin_maxbins_20_distance_end\"]) - scale(\"child__column_distance_x\", datum[\"bin_maxbins_20_distance\"])) < 0.25 ? -0.5 * (0.25 - (abs(scale(\"child__column_distance_x\", datum[\"bin_maxbins_20_distance_end\"]) - scale(\"child__column_distance_x\", datum[\"bin_maxbins_20_distance\"])))) : 0.5)"
                }
              },
              "x": {
                "scale": "child__column_distance_x",
                "field": "bin_maxbins_20_distance_end",
                "offset": {
                  "signal": "0.5 + (abs(scale(\"child__column_distance_x\", datum[\"bin_maxbins_20_distance_end\"]) - scale(\"child__column_distance_x\", datum[\"bin_maxbins_20_distance\"])) < 0.25 ? 0.5 * (0.25 - (abs(scale(\"child__column_distance_x\", datum[\"bin_maxbins_20_distance_end\"]) - scale(\"child__column_distance_x\", datum[\"bin_maxbins_20_distance\"])))) : -0.5)"
                }
              },
              "y": {"scale": "child__column_distance_y", "field": "__count"},
              "y2": {"scale": "child__column_distance_y", "value": 0}
            }
          }
        }
      ],
      "axes": [
        {
          "scale": "child__column_distance_y",
          "orient": "left",
          "gridScale": "child__column_distance_x",
          "grid": true,
          "tickCount": {"signal": "ceil(childHeight/40)"},
          "domain": false,
          "labels": false,
          "aria": false,
          "maxExtent": 0,
          "minExtent": 0,
          "ticks": false,
          "zindex": 0
        },
        {
          "scale": "child__column_distance_x",
          "orient": "bottom",
          "grid": false,
          "title": "distance (binned)",
          "labelFlush": true,
          "labelOverlap": true,
          "tickCount": {"signal": "ceil(childWidth/10)"},
          "zindex": 0
        },
        {
          "scale": "child__column_distance_y",
          "orient": "left",
          "grid": false,
          "title": "Count of Records",
          "labelOverlap": true,
          "tickCount": {"signal": "ceil(childHeight/40)"},
          "zindex": 0
        }
      ]
    },
    {
      "type": "group",
      "name": "child__column_delay_group",
      "style": "cell",
      "encode": {
        "update": {
          "width": {"signal": "childWidth"},
          "height": {"signal": "childHeight"}
        }
      },
      "signals": [
        {
          "name": "brush_tuple",
          "on": [
            {
              "events": [{"source": "scope", "type": "click"}],
              "update": "datum && item().mark.marktype !== 'group' && indexof(item().mark.role, 'legend') < 0 ? {unit: \"child__column_delay_layer_0\", fields: brush_tuple_fields, values: [[(item().isVoronoi ? datum.datum : datum)[\"bin_maxbins_20_delay\"], (item().isVoronoi ? datum.datum : datum)[\"bin_maxbins_20_delay_end\"]]]} : null",
              "force": true
            },
            {
              "events": [{"source": "view", "type": "dblclick"}],
              "update": "null"
            }
          ]
        },
        {
          "name": "brush_tuple_fields",
          "value": [{"field": "delay", "channel": "x", "type": "R-RE"}]
        },
        {
          "name": "brush_toggle",
          "value": false,
          "on": [
            {
              "events": [{"source": "scope", "type": "click"}],
              "update": "event.shiftKey"
            },
            {
              "events": [{"source": "view", "type": "dblclick"}],
              "update": "false"
            }
          ]
        },
        {
          "name": "brush_modify",
          "on": [
            {
              "events": {"signal": "brush_tuple"},
              "update": "modify(\"brush_store\", brush_toggle ? null : brush_tuple, brush_toggle ? null : true, brush_toggle ? brush_tuple : null)"
            }
          ]
        }
      ],
      "marks": [
        {
          "name": "child__column_delay_layer_0_marks",
          "type": "rect",
          "style": ["bar"],
          "interactive": true,
          "from": {"data": "data_7"},
          "encode": {
            "update": {
              "fill": {"value": "#ddd"},
              "ariaRoleDescription": {"value": "bar"},
              "description": {
                "signal": "\"delay (binned): \" + (!isValid(datum[\"bin_maxbins_20_delay\"]) || !isFinite(+datum[\"bin_maxbins_20_delay\"]) ? \"null\" : format(datum[\"bin_maxbins_20_delay\"], \"\") + \" – \" + format(datum[\"bin_maxbins_20_delay_end\"], \"\")) + \"; Count of Records: \" + (format(datum[\"__count\"], \"\"))"
              },
              "x2": {
                "scale": "child__column_delay_x",
                "field": "bin_maxbins_20_delay",
                "offset": {
                  "signal": "0.5 + (abs(scale(\"child__column_delay_x\", datum[\"bin_maxbins_20_delay_end\"]) - scale(\"child__column_delay_x\", datum[\"bin_maxbins_20_delay\"])) < 0.25 ? -0.5 * (0.25 - (abs(scale(\"child__column_delay_x\", datum[\"bin_maxbins_20_delay_end\"]) - scale(\"child__column_delay_x\", datum[\"bin_maxbins_20_delay\"])))) : 0.5)"
                }
              },
              "x": {
                "scale": "child__column_delay_x",
                "field": "bin_maxbins_20_delay_end",
                "offset": {
                  "signal": "0.5 + (abs(scale(\"child__column_delay_x\", datum[\"bin_maxbins_20_delay_end\"]) - scale(\"child__column_delay_x\", datum[\"bin_maxbins_20_delay\"])) < 0.25 ? 0.5 * (0.25 - (abs(scale(\"child__column_delay_x\", datum[\"bin_maxbins_20_delay_end\"]) - scale(\"child__column_delay_x\", datum[\"bin_maxbins_20_delay\"])))) : -0.5)"
                }
              },
              "y": {"scale": "child__column_delay_y", "field": "__count"},
              "y2": {"scale": "child__column_delay_y", "value": 0}
            }
          }
        },
        {
          "name": "child__column_delay_layer_1_marks",
          "type": "rect",
          "style": ["bar"],
          "interactive": false,
          "from": {"data": "data_4"},
          "encode": {
            "update": {
              "fill": {"value": "#4c78a8"},
              "ariaRoleDescription": {"value": "bar"},
              "description": {
                "signal": "\"delay (binned): \" + (!isValid(datum[\"bin_maxbins_20_delay\"]) || !isFinite(+datum[\"bin_maxbins_20_delay\"]) ? \"null\" : format(datum[\"bin_maxbins_20_delay\"], \"\") + \" – \" + format(datum[\"bin_maxbins_20_delay_end\"], \"\")) + \"; Count of Records: \" + (format(datum[\"__count\"], \"\"))"
              },
              "x2": {
                "scale": "child__column_delay_x",
                "field": "bin_maxbins_20_delay",
                "offset": {
                  "signal": "0.5 + (abs(scale(\"child__column_delay_x\", datum[\"bin_maxbins_20_delay_end\"]) - scale(\"child__column_delay_x\", datum[\"bin_maxbins_20_delay\"])) < 0.25 ? -0.5 * (0.25 - (abs(scale(\"child__column_delay_x\", datum[\"bin_maxbins_20_delay_end\"]) - scale(\"child__column_delay_x\", datum[\"bin_maxbins_20_delay\"])))) : 0.5)"
                }
              },
              "x": {
                "scale": "child__column_delay_x",
                "field": "bin_maxbins_20_delay_end",
                "offset": {
                  "signal": "0.5 + (abs(scale(\"child__column_delay_x\", datum[\"bin_maxbins_20_delay_end\"]) - scale(\"child__column_delay_x\", datum[\"bin_maxbins_20_delay\"])) < 0.25 ? 0.5 * (0.25 - (abs(scale(\"child__column_delay_x\", datum[\"bin_maxbins_20_delay_end\"]) - scale(\"child__column_delay_x\", datum[\"bin_maxbins_20_delay\"])))) : -0.5)"
                }
              },
              "y": {"scale": "child__column_delay_y", "field": "__count"},
              "y2": {"scale": "child__column_delay_y", "value": 0}
            }
          }
        }
      ],
      "axes": [
        {
          "scale": "child__column_delay_y",
          "orient": "left",
          "gridScale": "child__column_delay_x",
          "grid": true,
          "tickCount": {"signal": "ceil(childHeight/40)"},
          "domain": false,
          "labels": false,
          "aria": false,
          "maxExtent": 0,
          "minExtent": 0,
          "ticks": false,
          "zindex": 0
        },
        {
          "scale": "child__column_delay_x",
          "orient": "bottom",
          "grid": false,
          "title": "delay (binned)",
          "labelFlush": true,
          "labelOverlap": true,
          "tickCount": {"signal": "ceil(childWidth/10)"},
          "zindex": 0
        },
        {
          "scale": "child__column_delay_y",
          "orient": "left",
          "grid": false,
          "title": "Count of Records",
          "labelOverlap": true,
          "tickCount": {"signal": "ceil(childHeight/40)"},
          "zindex": 0
        }
      ]
    },
    {
      "type": "group",
      "name": "child__column_time_group",
      "style": "cell",
      "encode": {
        "update": {
          "width": {"signal": "childWidth"},
          "height": {"signal": "childHeight"}
        }
      },
      "signals": [
        {
          "name": "brush_tuple",
          "on": [
            {
              "events": [{"source": "scope", "type": "click"}],
              "update": "datum && item().mark.marktype !== 'group' && indexof(item().mark.role, 'legend') < 0 ? {unit: \"child__column_time_layer_0\", fields: brush_tuple_fields, values: [[(item().isVoronoi ? datum.datum : datum)[\"bin_maxbins_20_time\"], (item().isVoronoi ? datum.datum : datum)[\"bin_maxbins_20_time_end\"]]]} : null",
              "force": true
            },
            {
              "events": [{"source": "view", "type": "dblclick"}],
              "update": "null"
            }
          ]
        },
        {
          "name": "brush_tuple_fields",
          "value": [{"field": "time", "channel": "x", "type": "R-RE"}]
        },
        {
          "name": "brush_toggle",
          "value": false,
          "on": [
            {
              "events": [{"source": "scope", "type": "click"}],
              "update": "event.shiftKey"
            },
            {
              "events": [{"source": "view", "type": "dblclick"}],
              "update": "false"
            }
          ]
        },
        {
          "name": "brush_modify",
          "on": [
            {
              "events": {"signal": "brush_tuple"},
              "update": "modify(\"brush_store\", brush_toggle ? null : brush_tuple, brush_toggle ? null : true, brush_toggle ? brush_tuple : null)"
            }
          ]
        }
      ],
      "marks": [
        {
          "name": "child__column_time_layer_0_marks",
          "type": "rect",
          "style": ["bar"],
          "interactive": true,
          "from": {"data": "data_2"},
          "encode": {
            "update": {
              "fill": {"value": "#ddd"},
              "ariaRoleDescription": {"value": "bar"},
              "description": {
                "signal": "\"time (binned): \" + (!isValid(datum[\"bin_maxbins_20_time\"]) || !isFinite(+datum[\"bin_maxbins_20_time\"]) ? \"null\" : format(datum[\"bin_maxbins_20_time\"], \"\") + \" – \" + format(datum[\"bin_maxbins_20_time_end\"], \"\")) + \"; Count of Records: \" + (format(datum[\"__count\"], \"\"))"
              },
              "x2": {
                "scale": "child__column_time_x",
                "field": "bin_maxbins_20_time",
                "offset": {
                  "signal": "0.5 + (abs(scale(\"child__column_time_x\", datum[\"bin_maxbins_20_time_end\"]) - scale(\"child__column_time_x\", datum[\"bin_maxbins_20_time\"])) < 0.25 ? -0.5 * (0.25 - (abs(scale(\"child__column_time_x\", datum[\"bin_maxbins_20_time_end\"]) - scale(\"child__column_time_x\", datum[\"bin_maxbins_20_time\"])))) : 0.5)"
                }
              },
              "x": {
                "scale": "child__column_time_x",
                "field": "bin_maxbins_20_time_end",
                "offset": {
                  "signal": "0.5 + (abs(scale(\"child__column_time_x\", datum[\"bin_maxbins_20_time_end\"]) - scale(\"child__column_time_x\", datum[\"bin_maxbins_20_time\"])) < 0.25 ? 0.5 * (0.25 - (abs(scale(\"child__column_time_x\", datum[\"bin_maxbins_20_time_end\"]) - scale(\"child__column_time_x\", datum[\"bin_maxbins_20_time\"])))) : -0.5)"
                }
              },
              "y": {"scale": "child__column_time_y", "field": "__count"},
              "y2": {"scale": "child__column_time_y", "value": 0}
            }
          }
        },
        {
          "name": "child__column_time_layer_1_marks",
          "type": "rect",
          "style": ["bar"],
          "interactive": false,
          "from": {"data": "data_1"},
          "encode": {
            "update": {
              "fill": {"value": "#4c78a8"},
              "ariaRoleDescription": {"value": "bar"},
              "description": {
                "signal": "\"time (binned): \" + (!isValid(datum[\"bin_maxbins_20_time\"]) || !isFinite(+datum[\"bin_maxbins_20_time\"]) ? \"null\" : format(datum[\"bin_maxbins_20_time\"], \"\") + \" – \" + format(datum[\"bin_maxbins_20_time_end\"], \"\")) + \"; Count of Records: \" + (format(datum[\"__count\"], \"\"))"
              },
              "x2": {
                "scale": "child__column_time_x",
                "field": "bin_maxbins_20_time",
                "offset": {
                  "signal": "0.5 + (abs(scale(\"child__column_time_x\", datum[\"bin_maxbins_20_time_end\"]) - scale(\"child__column_time_x\", datum[\"bin_maxbins_20_time\"])) < 0.25 ? -0.5 * (0.25 - (abs(scale(\"child__column_time_x\", datum[\"bin_maxbins_20_time_end\"]) - scale(\"child__column_time_x\", datum[\"bin_maxbins_20_time\"])))) : 0.5)"
                }
              },
              "x": {
                "scale": "child__column_time_x",
                "field": "bin_maxbins_20_time_end",
                "offset": {
                  "signal": "0.5 + (abs(scale(\"child__column_time_x\", datum[\"bin_maxbins_20_time_end\"]) - scale(\"child__column_time_x\", datum[\"bin_maxbins_20_time\"])) < 0.25 ? 0.5 * (0.25 - (abs(scale(\"child__column_time_x\", datum[\"bin_maxbins_20_time_end\"]) - scale(\"child__column_time_x\", datum[\"bin_maxbins_20_time\"])))) : -0.5)"
                }
              },
              "y": {"scale": "child__column_time_y", "field": "__count"},
              "y2": {"scale": "child__column_time_y", "value": 0}
            }
          }
        }
      ],
      "axes": [
        {
          "scale": "child__column_time_y",
          "orient": "left",
          "gridScale": "child__column_time_x",
          "grid": true,
          "tickCount": {"signal": "ceil(childHeight/40)"},
          "domain": false,
          "labels": false,
          "aria": false,
          "maxExtent": 0,
          "minExtent": 0,
          "ticks": false,
          "zindex": 0
        },
        {
          "scale": "child__column_time_x",
          "orient": "bottom",
          "grid": false,
          "title": "time (binned)",
          "labelFlush": true,
          "labelOverlap": true,
          "tickCount": {"signal": "ceil(childWidth/10)"},
          "zindex": 0
        },
        {
          "scale": "child__column_time_y",
          "orient": "left",
          "grid": false,
          "title": "Count of Records",
          "labelOverlap": true,
          "tickCount": {"signal": "ceil(childHeight/40)"},
          "zindex": 0
        }
      ]
    }
  ],
  "scales": [
    {
      "name": "child__column_distance_x",
      "type": "linear",
      "domain": {
        "signal": "[child__column_distance_layer_0_bin_maxbins_20_distance_bins.start, child__column_distance_layer_0_bin_maxbins_20_distance_bins.stop]"
      },
      "range": [0, {"signal": "childWidth"}],
      "bins": {
        "signal": "child__column_distance_layer_0_bin_maxbins_20_distance_bins"
      },
      "zero": false
    },
    {
      "name": "child__column_distance_y",
      "type": "linear",
      "domain": {
        "fields": [
          {"data": "data_6", "field": "__count"},
          {"data": "data_5", "field": "__count"}
        ]
      },
      "range": [{"signal": "childHeight"}, 0],
      "nice": true,
      "zero": true
    },
    {
      "name": "child__column_delay_x",
      "type": "linear",
      "domain": {
        "signal": "[child__column_delay_layer_1_bin_maxbins_20_delay_bins.start, child__column_delay_layer_1_bin_maxbins_20_delay_bins.stop]"
      },
      "range": [0, {"signal": "childWidth"}],
      "bins": {
        "signal": "child__column_delay_layer_1_bin_maxbins_20_delay_bins"
      },
      "zero": false
    },
    {
      "name": "child__column_delay_y",
      "type": "linear",
      "domain": {
        "fields": [
          {"data": "data_7", "field": "__count"},
          {"data": "data_4", "field": "__count"}
        ]
      },
      "range": [{"signal": "childHeight"}, 0],
      "nice": true,
      "zero": true
    },
    {
      "name": "child__column_time_x",
      "type": "linear",
      "domain": {
        "signal": "[child__column_time_layer_1_bin_maxbins_20_time_bins.start, child__column_time_layer_1_bin_maxbins_20_time_bins.stop]"
      },
      "range": [0, {"signal": "childWidth"}],
      "bins": {"signal": "child__column_time_layer_1_bin_maxbins_20_time_bins"},
      "zero": false
    },
    {
      "name": "child__column_time_y",
      "type": "linear",
      "domain": {
        "fields": [
          {"data": "data_2", "field": "__count"},
          {"data": "data_1", "field": "__count"}
        ]
      },
      "range": [{"signal": "childHeight"}, 0],
      "nice": true,
      "zero": true
    }
  ]
}
