{
  "$schema": "https://vega.github.io/schema/vega/v5.json",
  "background": "white",
  "padding": 5,
  "width": 200,
  "height": 200,
  "style": "cell",
  "data": [
    {
      "name": "source_0",
      "url": "data/stocks.csv",
      "format": {"type": "csv", "parse": {"date": "date"}}
    },
    {"name": "source_1", "values": [{}]}
  ],
  "marks": [
    {
      "name": "layer_0_pathgroup",
      "type": "group",
      "from": {
        "facet": {
          "name": "faceted_path_layer_0_main",
          "data": "source_0",
          "groupby": ["symbol"]
        }
      },
      "encode": {
        "update": {
          "width": {"field": {"group": "width"}},
          "height": {"field": {"group": "height"}}
        }
      },
      "marks": [
        {
          "name": "layer_0_marks",
          "type": "line",
          "style": ["line"],
          "sort": {"field": "datum[\"date\"]"},
          "from": {"data": "faceted_path_layer_0_main"},
          "encode": {
            "update": {
              "stroke": {"scale": "color", "field": "symbol"},
              "description": {
                "signal": "\"date: \" + (timeFormat(datum[\"date\"], '%b %d, %Y')) + \"; price: \" + (format(datum[\"price\"], \"\")) + \"; symbol: \" + (isValid(datum[\"symbol\"]) ? datum[\"symbol\"] : \"\"+datum[\"symbol\"])"
              },
              "x": {"scale": "x", "field": "date"},
              "y": {"scale": "y", "field": "price"},
              "defined": {
                "signal": "isValid(datum[\"date\"]) && isFinite(+datum[\"date\"]) && isValid(datum[\"price\"]) && isFinite(+datum[\"price\"])"
              }
            }
          }
        }
      ]
    },
    {
      "name": "layer_1_marks",
      "type": "rule",
      "style": ["rule"],
      "from": {"data": "source_1"},
      "encode": {
        "update": {
          "strokeDash": {"value": [2, 2]},
          "stroke": {"value": "black"},
          "x": {"scale": "x", "signal": "datetime(2006, 0, 1, 0, 0, 0, 0)"},
          "y": {"value": 0},
          "y2": {"field": {"group": "height"}},
          "strokeWidth": {"value": 2}
        }
      }
    }
  ],
  "scales": [
    {
      "name": "x",
      "type": "time",
      "domain": {
        "fields": [
          {"data": "source_0", "field": "date"},
          {"signal": "{data: datetime(2006, 0, 1, 0, 0, 0, 0)}"}
        ]
      },
      "range": [0, {"signal": "width"}]
    },
    {
      "name": "y",
      "type": "linear",
      "domain": {"data": "source_0", "field": "price"},
      "range": [{"signal": "height"}, 0],
      "nice": true,
      "zero": true
    },
    {
      "name": "color",
      "type": "ordinal",
      "domain": {"data": "source_0", "field": "symbol", "sort": true},
      "range": "category"
    }
  ],
  "axes": [
    {
      "scale": "x",
      "orient": "bottom",
      "gridScale": "y",
      "grid": true,
      "tickCount": {"signal": "ceil(width/40)"},
      "domain": false,
      "labels": false,
      "aria": false,
      "maxExtent": 0,
      "minExtent": 0,
      "ticks": false,
      "zindex": 0
    },
    {
      "scale": "y",
      "orient": "left",
      "gridScale": "x",
      "grid": true,
      "tickCount": {"signal": "ceil(height/40)"},
      "domain": false,
      "labels": false,
      "aria": false,
      "maxExtent": 0,
      "minExtent": 0,
      "ticks": false,
      "zindex": 0
    },
    {
      "scale": "x",
      "orient": "bottom",
      "grid": false,
      "title": "date",
      "labelFlush": true,
      "labelOverlap": true,
      "tickCount": {"signal": "ceil(width/40)"},
      "zindex": 0
    },
    {
      "scale": "y",
      "orient": "left",
      "grid": false,
      "title": "price",
      "labelOverlap": true,
      "tickCount": {"signal": "ceil(height/40)"},
      "zindex": 0
    }
  ],
  "legends": [{"stroke": "color", "symbolType": "stroke", "title": "symbol"}]
}
