{
  "$schema": "https://vega.github.io/schema/vega/v5.json",
  "description": "A scatterplot showing horsepower and miles per gallons for various cars.",
  "background": "white",
  "padding": 5,
  "width": 200,
  "height": 200,
  "style": "cell",
  "data": [
    {
      "name": "source_0",
      "url": "data/cars.json",
      "format": {"type": "json", "parse": {"Miles_per_Gallon": "number"}}
    },
    {
      "name": "data_0",
      "source": "source_0",
      "transform": [
        {
          "type": "filter",
          "expr": "isValid(datum[\"Horsepower\"]) && isFinite(+datum[\"Horsepower\"]) && isValid(datum[\"Miles_per_Gallon\"]) && isFinite(+datum[\"Miles_per_Gallon\"])"
        }
      ]
    },
    {
      "name": "data_1",
      "source": "source_0",
      "transform": [
        {
          "type": "aggregate",
          "groupby": [],
          "ops": ["max", "min"],
          "fields": ["Miles_per_Gallon", "Miles_per_Gallon"],
          "as": ["max_Miles_per_Gallon", "min_Miles_per_Gallon"]
        }
      ]
    },
    {
      "name": "data_2",
      "source": "data_1",
      "transform": [
        {
          "type": "filter",
          "expr": "isValid(datum[\"max_Miles_per_Gallon\"]) && isFinite(+datum[\"max_Miles_per_Gallon\"])"
        }
      ]
    },
    {
      "name": "data_3",
      "source": "data_1",
      "transform": [
        {
          "type": "filter",
          "expr": "isValid(datum[\"min_Miles_per_Gallon\"]) && isFinite(+datum[\"min_Miles_per_Gallon\"])"
        }
      ]
    }
  ],
  "marks": [
    {
      "name": "layer_0_marks",
      "type": "symbol",
      "style": ["point"],
      "from": {"data": "data_0"},
      "encode": {
        "update": {
          "opacity": {"value": 0.7},
          "fill": {"value": "transparent"},
          "stroke": {"value": "#4c78a8"},
          "ariaRoleDescription": {"value": "point"},
          "description": {
            "signal": "\"Horsepower: \" + (format(datum[\"Horsepower\"], \"\")) + \"; Miles per Gallon: \" + (format(datum[\"Miles_per_Gallon\"], \"\"))"
          },
          "x": {"scale": "x", "field": "Horsepower"},
          "y": {"scale": "y", "field": "Miles_per_Gallon"}
        }
      }
    },
    {
      "name": "layer_1_marks",
      "type": "rule",
      "style": ["rule"],
      "from": {"data": "data_3"},
      "encode": {
        "update": {
          "stroke": {"value": "black"},
          "description": {
            "signal": "\"Min of Miles_per_Gallon: \" + (format(datum[\"min_Miles_per_Gallon\"], \"\"))"
          },
          "x": {"field": {"group": "width"}},
          "x2": {"value": 0},
          "y": {"scale": "y", "field": "min_Miles_per_Gallon"}
        }
      }
    },
    {
      "name": "layer_2_marks",
      "type": "rule",
      "style": ["rule"],
      "from": {"data": "data_2"},
      "encode": {
        "update": {
          "stroke": {"value": "black"},
          "description": {
            "signal": "\"Max of Miles_per_Gallon: \" + (format(datum[\"max_Miles_per_Gallon\"], \"\"))"
          },
          "x": {"field": {"group": "width"}},
          "x2": {"value": 0},
          "y": {"scale": "y", "field": "max_Miles_per_Gallon"}
        }
      }
    },
    {
      "name": "layer_3_marks",
      "type": "rect",
      "style": ["rect"],
      "from": {"data": "data_2"},
      "encode": {
        "update": {
          "fill": {"value": "#4c78a8"},
          "opacity": {"value": 0.2},
          "description": {
            "signal": "\"Max of Miles_per_Gallon: \" + (format(datum[\"max_Miles_per_Gallon\"], \"\")) + \"; Min of Miles_per_Gallon: \" + (format(datum[\"min_Miles_per_Gallon\"], \"\"))"
          },
          "x": {"field": {"group": "width"}},
          "x2": {"value": 0},
          "y": {"scale": "y", "field": "max_Miles_per_Gallon"},
          "y2": {"scale": "y", "field": "min_Miles_per_Gallon"}
        }
      }
    }
  ],
  "scales": [
    {
      "name": "x",
      "type": "linear",
      "domain": {"data": "data_0", "field": "Horsepower"},
      "range": [0, {"signal": "width"}],
      "nice": true,
      "zero": true
    },
    {
      "name": "y",
      "type": "linear",
      "domain": {
        "fields": [
          {"data": "data_0", "field": "Miles_per_Gallon"},
          {"data": "data_3", "field": "min_Miles_per_Gallon"},
          {"data": "data_2", "field": "max_Miles_per_Gallon"},
          {"data": "data_2", "field": "min_Miles_per_Gallon"}
        ]
      },
      "range": [{"signal": "height"}, 0],
      "nice": true,
      "zero": true
    }
  ],
  "axes": [
    {
      "scale": "x",
      "orient": "bottom",
      "gridScale": "y",
      "grid": true,
      "tickCount": {"signal": "ceil(width/40)"},
      "domain": false,
      "labels": false,
      "aria": false,
      "maxExtent": 0,
      "minExtent": 0,
      "ticks": false,
      "zindex": 0
    },
    {
      "scale": "y",
      "orient": "left",
      "gridScale": "x",
      "grid": true,
      "tickCount": {"signal": "ceil(height/40)"},
      "domain": false,
      "labels": false,
      "aria": false,
      "maxExtent": 0,
      "minExtent": 0,
      "ticks": false,
      "zindex": 0
    },
    {
      "scale": "x",
      "orient": "bottom",
      "grid": false,
      "title": "Horsepower",
      "labelFlush": true,
      "labelOverlap": true,
      "tickCount": {"signal": "ceil(width/40)"},
      "zindex": 0
    },
    {
      "scale": "y",
      "orient": "left",
      "grid": false,
      "title": "Miles per Gallon",
      "labelOverlap": true,
      "tickCount": {"signal": "ceil(height/40)"},
      "zindex": 0
    }
  ]
}
