{
  "$schema": "https://vega.github.io/schema/vega/v5.json",
  "description": "Stock prices of 5 Tech Companies over Time.",
  "background": "white",
  "padding": 5,
  "width": 200,
  "height": 200,
  "style": "cell",
  "data": [
    {
      "name": "source_0",
      "url": "data/stocks.csv",
      "format": {"type": "csv", "parse": {"date": "date"}},
      "transform": [
        {
          "field": "date",
          "type": "timeunit",
          "units": ["year"],
          "as": ["year_date", "year_date_end"]
        },
        {
          "type": "aggregate",
          "groupby": ["year_date", "symbol"],
          "ops": ["mean"],
          "fields": ["price"],
          "as": ["mean_price"]
        }
      ]
    },
    {
      "name": "data_0",
      "source": "source_0",
      "transform": [
        {
          "type": "filter",
          "expr": "(isDate(datum[\"year_date\"]) || (isValid(datum[\"year_date\"]) && isFinite(+datum[\"year_date\"]))) && isValid(datum[\"mean_price\"]) && isFinite(+datum[\"mean_price\"])"
        }
      ]
    }
  ],
  "marks": [
    {
      "name": "layer_0_pathgroup",
      "type": "group",
      "from": {
        "facet": {
          "name": "faceted_path_layer_0_main",
          "data": "source_0",
          "groupby": ["symbol"]
        }
      },
      "encode": {
        "update": {
          "width": {"field": {"group": "width"}},
          "height": {"field": {"group": "height"}}
        }
      },
      "marks": [
        {
          "name": "layer_0_marks",
          "type": "line",
          "style": ["line"],
          "sort": {"field": "datum[\"year_date\"]"},
          "from": {"data": "faceted_path_layer_0_main"},
          "encode": {
            "update": {
              "stroke": {"scale": "color", "field": "symbol"},
              "description": {
                "signal": "\"date (year): \" + (timeFormat(datum[\"year_date\"], timeUnitSpecifier([\"year\"], {\"year-month\":\"%b %Y \",\"year-month-date\":\"%b %d, %Y \"}))) + \"; Mean of price: \" + (format(datum[\"mean_price\"], \"\")) + \"; symbol: \" + (isValid(datum[\"symbol\"]) ? datum[\"symbol\"] : \"\"+datum[\"symbol\"])"
              },
              "x": {"scale": "x", "field": "year_date"},
              "y": {"scale": "y", "field": "mean_price"},
              "defined": {
                "signal": "isValid(datum[\"year_date\"]) && isFinite(+datum[\"year_date\"]) && isValid(datum[\"mean_price\"]) && isFinite(+datum[\"mean_price\"])"
              }
            }
          }
        }
      ]
    },
    {
      "name": "layer_1_marks",
      "type": "symbol",
      "style": ["point"],
      "from": {"data": "data_0"},
      "encode": {
        "update": {
          "opacity": {"value": 1},
          "fill": {"scale": "color", "field": "symbol"},
          "ariaRoleDescription": {"value": "point"},
          "description": {
            "signal": "\"date (year): \" + (timeFormat(datum[\"year_date\"], timeUnitSpecifier([\"year\"], {\"year-month\":\"%b %Y \",\"year-month-date\":\"%b %d, %Y \"}))) + \"; Mean of price: \" + (format(datum[\"mean_price\"], \"\")) + \"; symbol: \" + (isValid(datum[\"symbol\"]) ? datum[\"symbol\"] : \"\"+datum[\"symbol\"])"
          },
          "x": {"scale": "x", "field": "year_date"},
          "y": {"scale": "y", "field": "mean_price"}
        }
      }
    }
  ],
  "scales": [
    {
      "name": "x",
      "type": "time",
      "domain": {
        "fields": [
          {"data": "source_0", "field": "year_date"},
          {"data": "data_0", "field": "year_date"}
        ]
      },
      "range": [0, {"signal": "width"}]
    },
    {
      "name": "y",
      "type": "linear",
      "domain": {
        "fields": [
          {"data": "source_0", "field": "mean_price"},
          {"data": "data_0", "field": "mean_price"}
        ]
      },
      "range": [{"signal": "height"}, 0],
      "nice": true,
      "zero": true
    },
    {
      "name": "color",
      "type": "ordinal",
      "domain": {
        "fields": [
          {"data": "source_0", "field": "symbol"},
          {"data": "data_0", "field": "symbol"}
        ],
        "sort": true
      },
      "range": "category"
    }
  ],
  "axes": [
    {
      "scale": "x",
      "orient": "bottom",
      "gridScale": "y",
      "grid": true,
      "tickCount": {"signal": "ceil(width/40)"},
      "tickMinStep": {
        "signal": "datetime(2002, 0, 1, 0, 0, 0, 0) - datetime(2001, 0, 1, 0, 0, 0, 0)"
      },
      "domain": false,
      "labels": false,
      "aria": false,
      "maxExtent": 0,
      "minExtent": 0,
      "ticks": false,
      "zindex": 0
    },
    {
      "scale": "y",
      "orient": "left",
      "gridScale": "x",
      "grid": true,
      "tickCount": {"signal": "ceil(height/40)"},
      "domain": false,
      "labels": false,
      "aria": false,
      "maxExtent": 0,
      "minExtent": 0,
      "ticks": false,
      "zindex": 0
    },
    {
      "scale": "x",
      "orient": "bottom",
      "grid": false,
      "title": "date (year)",
      "format": {
        "signal": "timeUnitSpecifier([\"year\"], {\"year-month\":\"%b %Y \",\"year-month-date\":\"%b %d, %Y \"})"
      },
      "labelFlush": true,
      "labelOverlap": true,
      "tickCount": {"signal": "ceil(width/40)"},
      "tickMinStep": {
        "signal": "datetime(2002, 0, 1, 0, 0, 0, 0) - datetime(2001, 0, 1, 0, 0, 0, 0)"
      },
      "zindex": 0
    },
    {
      "scale": "y",
      "orient": "left",
      "grid": false,
      "title": "Mean of price",
      "labelOverlap": true,
      "tickCount": {"signal": "ceil(height/40)"},
      "zindex": 0
    }
  ],
  "legends": [
    {
      "stroke": "color",
      "symbolType": "circle",
      "title": "symbol",
      "fill": "color",
      "encode": {"symbols": {"update": {"opacity": {"value": 1}}}}
    }
  ]
}
