{
  "$schema": "https://vega.github.io/schema/vega/v5.json",
  "description": "Stock price average broken down by quarter.",
  "background": "white",
  "padding": 5,
  "width": 200,
  "height": 200,
  "style": "cell",
  "data": [
    {
      "name": "source_0",
      "url": "data/stocks.csv",
      "format": {"type": "csv", "parse": {"date": "date"}},
      "transform": [
        {
          "field": "date",
          "type": "timeunit",
          "units": ["year"],
          "as": ["year_date", "year_date_end"]
        },
        {
          "field": "date",
          "type": "timeunit",
          "units": ["quarter"],
          "as": ["quarter_date", "quarter_date_end"]
        },
        {
          "type": "aggregate",
          "groupby": ["year_date", "quarter_date"],
          "ops": ["mean"],
          "fields": ["price"],
          "as": ["mean_price"]
        }
      ]
    }
  ],
  "marks": [
    {
      "name": "pathgroup",
      "type": "group",
      "from": {
        "facet": {
          "name": "faceted_path_main",
          "data": "source_0",
          "groupby": ["quarter_date"]
        }
      },
      "encode": {
        "update": {
          "width": {"field": {"group": "width"}},
          "height": {"field": {"group": "height"}}
        }
      },
      "marks": [
        {
          "name": "marks",
          "type": "line",
          "style": ["line"],
          "sort": {"field": "datum[\"year_date\"]"},
          "from": {"data": "faceted_path_main"},
          "encode": {
            "update": {
              "stroke": {"scale": "color", "field": "quarter_date"},
              "description": {
                "signal": "\"date (year): \" + (timeFormat(datum[\"year_date\"], timeUnitSpecifier([\"year\"], {\"year-month\":\"%b %Y \",\"year-month-date\":\"%b %d, %Y \"}))) + \"; Mean of price: \" + (format(datum[\"mean_price\"], \"\")) + \"; date (quarter): \" + (timeFormat(datum[\"quarter_date\"], timeUnitSpecifier([\"quarter\"], {\"year-month\":\"%b %Y \",\"year-month-date\":\"%b %d, %Y \"})))"
              },
              "x": {"scale": "x", "field": "year_date"},
              "y": {"scale": "y", "field": "mean_price"},
              "defined": {
                "signal": "isValid(datum[\"year_date\"]) && isFinite(+datum[\"year_date\"]) && isValid(datum[\"mean_price\"]) && isFinite(+datum[\"mean_price\"])"
              }
            }
          }
        }
      ]
    }
  ],
  "scales": [
    {
      "name": "x",
      "type": "time",
      "domain": {"data": "source_0", "field": "year_date"},
      "range": [0, {"signal": "width"}]
    },
    {
      "name": "y",
      "type": "linear",
      "domain": {"data": "source_0", "field": "mean_price"},
      "range": [{"signal": "height"}, 0],
      "nice": true,
      "zero": true
    },
    {
      "name": "color",
      "type": "time",
      "domain": {"data": "source_0", "field": "quarter_date"},
      "range": "ramp",
      "interpolate": "hcl"
    }
  ],
  "axes": [
    {
      "scale": "x",
      "orient": "bottom",
      "gridScale": "y",
      "grid": true,
      "tickCount": {"signal": "ceil(width/40)"},
      "tickMinStep": {
        "signal": "datetime(2002, 0, 1, 0, 0, 0, 0) - datetime(2001, 0, 1, 0, 0, 0, 0)"
      },
      "domain": false,
      "labels": false,
      "aria": false,
      "maxExtent": 0,
      "minExtent": 0,
      "ticks": false,
      "zindex": 0
    },
    {
      "scale": "y",
      "orient": "left",
      "gridScale": "x",
      "grid": true,
      "tickCount": {"signal": "ceil(height/40)"},
      "domain": false,
      "labels": false,
      "aria": false,
      "maxExtent": 0,
      "minExtent": 0,
      "ticks": false,
      "zindex": 0
    },
    {
      "scale": "x",
      "orient": "bottom",
      "grid": false,
      "title": "date (year)",
      "format": {
        "signal": "timeUnitSpecifier([\"year\"], {\"year-month\":\"%b %Y \",\"year-month-date\":\"%b %d, %Y \"})"
      },
      "labelFlush": true,
      "labelOverlap": true,
      "tickCount": {"signal": "ceil(width/40)"},
      "tickMinStep": {
        "signal": "datetime(2002, 0, 1, 0, 0, 0, 0) - datetime(2001, 0, 1, 0, 0, 0, 0)"
      },
      "zindex": 0
    },
    {
      "scale": "y",
      "orient": "left",
      "grid": false,
      "title": "Mean of price",
      "labelOverlap": true,
      "tickCount": {"signal": "ceil(height/40)"},
      "zindex": 0
    }
  ],
  "legends": [
    {
      "stroke": "color",
      "format": {
        "signal": "timeUnitSpecifier([\"quarter\"], {\"year-month\":\"%b %Y \",\"year-month-date\":\"%b %d, %Y \"})"
      },
      "symbolType": "stroke",
      "title": "date (quarter)",
      "type": "symbol"
    }
  ]
}
