{
  "$schema": "https://vega.github.io/schema/vega/v5.json",
  "description": "Line with center band for timeUnit",
  "background": "white",
  "padding": 5,
  "width": 200,
  "height": 200,
  "style": "cell",
  "data": [
    {
      "name": "source_0",
      "url": "data/seattle-weather.csv",
      "format": {"type": "csv", "parse": {"date": "date"}},
      "transform": [
        {
          "field": "date",
          "type": "timeunit",
          "units": ["month"],
          "as": ["month_date", "month_date_end"]
        },
        {
          "type": "aggregate",
          "groupby": ["month_date", "month_date_end"],
          "ops": ["mean"],
          "fields": ["temp_max"],
          "as": ["mean_temp_max"]
        }
      ]
    }
  ],
  "marks": [
    {
      "name": "marks",
      "type": "line",
      "style": ["line"],
      "sort": {"field": "datum[\"month_date\"]"},
      "from": {"data": "source_0"},
      "encode": {
        "update": {
          "interpolate": {"value": "monotone"},
          "stroke": {"value": "#4c78a8"},
          "description": {
            "signal": "\"date (month): \" + (timeFormat(datum[\"month_date\"], timeUnitSpecifier([\"month\"], {\"year-month\":\"%b %Y \",\"year-month-date\":\"%b %d, %Y \"}))) + \"; Mean of temp_max: \" + (format(datum[\"mean_temp_max\"], \"\"))"
          },
          "x": {
            "signal": "scale(\"x\", 0.5 * datum[\"month_date\"] + 0.5 * datum[\"month_date_end\"])"
          },
          "y": {"scale": "y", "field": "mean_temp_max"},
          "defined": {
            "signal": "isValid(datum[\"month_date\"]) && isFinite(+datum[\"month_date\"]) && isValid(datum[\"mean_temp_max\"]) && isFinite(+datum[\"mean_temp_max\"])"
          }
        }
      }
    }
  ],
  "scales": [
    {
      "name": "x",
      "type": "time",
      "domain": {
        "data": "source_0",
        "fields": ["month_date", "month_date_end"]
      },
      "range": [0, {"signal": "width"}]
    },
    {
      "name": "y",
      "type": "linear",
      "domain": {"data": "source_0", "field": "mean_temp_max"},
      "range": [{"signal": "height"}, 0],
      "nice": true,
      "zero": true
    }
  ],
  "axes": [
    {
      "scale": "x",
      "orient": "bottom",
      "gridScale": "y",
      "grid": true,
      "tickMinStep": {
        "signal": "datetime(2001, 1, 1, 0, 0, 0, 0) - datetime(2001, 0, 1, 0, 0, 0, 0)"
      },
      "domain": false,
      "labels": false,
      "aria": false,
      "maxExtent": 0,
      "minExtent": 0,
      "ticks": false,
      "zindex": 0
    },
    {
      "scale": "y",
      "orient": "left",
      "gridScale": "x",
      "grid": true,
      "tickCount": {"signal": "ceil(height/40)"},
      "domain": false,
      "labels": false,
      "aria": false,
      "maxExtent": 0,
      "minExtent": 0,
      "ticks": false,
      "zindex": 0
    },
    {
      "scale": "x",
      "orient": "bottom",
      "grid": false,
      "title": "date (month)",
      "format": {
        "signal": "timeUnitSpecifier([\"month\"], {\"year-month\":\"%b %Y \",\"year-month-date\":\"%b %d, %Y \"})"
      },
      "labelFlush": true,
      "labelOverlap": true,
      "tickMinStep": {
        "signal": "datetime(2001, 1, 1, 0, 0, 0, 0) - datetime(2001, 0, 1, 0, 0, 0, 0)"
      },
      "zindex": 0
    },
    {
      "scale": "y",
      "orient": "left",
      "grid": false,
      "title": "Mean of temp_max",
      "labelOverlap": true,
      "tickCount": {"signal": "ceil(height/40)"},
      "zindex": 0
    }
  ]
}
