{
  "$schema": "https://vega.github.io/schema/vega/v5.json",
  "description": "Google's stock price first half of 2006.",
  "background": "white",
  "padding": 5,
  "width": 500,
  "height": 200,
  "style": "cell",
  "data": [
    {
      "name": "source_0",
      "url": "data/stocks.csv",
      "format": {"type": "csv", "parse": {"date": "date"}},
      "transform": [
        {"type": "filter", "expr": "datum.symbol==='GOOG'"},
        {
          "type": "filter",
          "expr": "time(datetime(year(datum[\"date\"]), 0, 1, 0, 0, 0, 0))===time(datetime(2006, 0, 1, 0, 0, 0, 0))"
        },
        {
          "type": "filter",
          "expr": "inrange(time(datetime(2012, month(datum[\"date\"]), 1, 0, 0, 0, 0)), [time(datetime(2012, 0, 1, 0, 0, 0, 0)), time(datetime(2012, 5, 1, 0, 0, 0, 0))])"
        },
        {
          "field": "date",
          "type": "timeunit",
          "units": ["year", "month"],
          "as": ["yearmonth_date", "yearmonth_date_end"]
        },
        {
          "type": "aggregate",
          "groupby": ["yearmonth_date"],
          "ops": ["average"],
          "fields": ["price"],
          "as": ["average_price"]
        }
      ]
    },
    {
      "name": "data_0",
      "source": "source_0",
      "transform": [
        {
          "type": "filter",
          "expr": "(isDate(datum[\"yearmonth_date\"]) || (isValid(datum[\"yearmonth_date\"]) && isFinite(+datum[\"yearmonth_date\"]))) && isValid(datum[\"average_price\"]) && isFinite(+datum[\"average_price\"])"
        }
      ]
    }
  ],
  "marks": [
    {
      "name": "layer_0_marks",
      "type": "line",
      "style": ["line"],
      "sort": {"field": "datum[\"yearmonth_date\"]"},
      "from": {"data": "source_0"},
      "encode": {
        "update": {
          "tooltip": {
            "signal": "{\"date (year-month)\": timeFormat(datum[\"yearmonth_date\"], timeUnitSpecifier([\"year\",\"month\"], {\"year-month\":\"%b %Y \",\"year-month-date\":\"%b %d, %Y \"})), \"Average of price\": format(datum[\"average_price\"], \"\")}"
          },
          "stroke": {"value": "#4c78a8"},
          "description": {
            "signal": "\"date (year-month): \" + (timeFormat(datum[\"yearmonth_date\"], timeUnitSpecifier([\"year\",\"month\"], {\"year-month\":\"%b %Y \",\"year-month-date\":\"%b %d, %Y \"}))) + \"; Average of price: \" + (format(datum[\"average_price\"], \"\"))"
          },
          "x": {"scale": "x", "field": "yearmonth_date"},
          "y": {"scale": "y", "field": "average_price"},
          "defined": {
            "signal": "isValid(datum[\"yearmonth_date\"]) && isFinite(+datum[\"yearmonth_date\"]) && isValid(datum[\"average_price\"]) && isFinite(+datum[\"average_price\"])"
          }
        }
      }
    },
    {
      "name": "layer_1_marks",
      "type": "symbol",
      "style": ["point"],
      "from": {"data": "data_0"},
      "encode": {
        "update": {
          "opacity": {"value": 1},
          "tooltip": {
            "signal": "{\"date (year-month)\": timeFormat(datum[\"yearmonth_date\"], timeUnitSpecifier([\"year\",\"month\"], {\"year-month\":\"%b %Y \",\"year-month-date\":\"%b %d, %Y \"})), \"Average of price\": format(datum[\"average_price\"], \"\")}"
          },
          "fill": {"value": "#4c78a8"},
          "ariaRoleDescription": {"value": "point"},
          "description": {
            "signal": "\"date (year-month): \" + (timeFormat(datum[\"yearmonth_date\"], timeUnitSpecifier([\"year\",\"month\"], {\"year-month\":\"%b %Y \",\"year-month-date\":\"%b %d, %Y \"}))) + \"; Average of price: \" + (format(datum[\"average_price\"], \"\"))"
          },
          "x": {"scale": "x", "field": "yearmonth_date"},
          "y": {"scale": "y", "field": "average_price"}
        }
      }
    }
  ],
  "scales": [
    {
      "name": "x",
      "type": "time",
      "domain": {
        "fields": [
          {"data": "source_0", "field": "yearmonth_date"},
          {"data": "data_0", "field": "yearmonth_date"}
        ]
      },
      "range": [0, {"signal": "width"}]
    },
    {
      "name": "y",
      "type": "linear",
      "domain": {
        "fields": [
          {"data": "source_0", "field": "average_price"},
          {"data": "data_0", "field": "average_price"}
        ]
      },
      "range": [{"signal": "height"}, 0],
      "nice": true,
      "zero": true
    }
  ],
  "axes": [
    {
      "scale": "x",
      "orient": "bottom",
      "gridScale": "y",
      "grid": true,
      "tickCount": {"signal": "ceil(width/40)"},
      "tickMinStep": {
        "signal": "datetime(2001, 1, 1, 0, 0, 0, 0) - datetime(2001, 0, 1, 0, 0, 0, 0)"
      },
      "domain": false,
      "labels": false,
      "aria": false,
      "maxExtent": 0,
      "minExtent": 0,
      "ticks": false,
      "zindex": 0
    },
    {
      "scale": "y",
      "orient": "left",
      "gridScale": "x",
      "grid": true,
      "tickCount": {"signal": "ceil(height/40)"},
      "domain": false,
      "labels": false,
      "aria": false,
      "maxExtent": 0,
      "minExtent": 0,
      "ticks": false,
      "zindex": 0
    },
    {
      "scale": "x",
      "orient": "bottom",
      "grid": false,
      "title": "date (year-month)",
      "format": {
        "signal": "timeUnitSpecifier([\"year\",\"month\"], {\"year-month\":\"%b %Y \",\"year-month-date\":\"%b %d, %Y \"})"
      },
      "labelFlush": true,
      "labelOverlap": true,
      "tickCount": {"signal": "ceil(width/40)"},
      "tickMinStep": {
        "signal": "datetime(2001, 1, 1, 0, 0, 0, 0) - datetime(2001, 0, 1, 0, 0, 0, 0)"
      },
      "zindex": 0
    },
    {
      "scale": "y",
      "orient": "left",
      "grid": false,
      "title": "Average of price",
      "labelOverlap": true,
      "tickCount": {"signal": "ceil(height/40)"},
      "zindex": 0
    }
  ]
}
