{
  "$schema": "https://vega.github.io/schema/vega/v5.json",
  "background": "white",
  "padding": 5,
  "width": 200,
  "height": 200,
  "style": "cell",
  "data": [
    {
      "name": "source_0",
      "url": "data/seattle-weather.csv",
      "format": {"type": "csv", "parse": {"date": "date"}},
      "transform": [
        {
          "type": "formula",
          "expr": "datum.temp_max - datum.temp_min",
          "as": "temp_range"
        },
        {
          "field": "date",
          "type": "timeunit",
          "units": ["month"],
          "as": ["month_date", "month_date_end"]
        },
        {
          "type": "aggregate",
          "groupby": ["month_date"],
          "ops": ["mean"],
          "fields": ["temp_range"],
          "as": ["mean_temp_range"]
        }
      ]
    }
  ],
  "marks": [
    {
      "name": "marks",
      "type": "line",
      "style": ["line"],
      "sort": {"field": "datum[\"month_date\"]"},
      "from": {"data": "source_0"},
      "encode": {
        "update": {
          "stroke": {"value": "#4c78a8"},
          "description": {
            "signal": "\"date (month): \" + (timeFormat(datum[\"month_date\"], timeUnitSpecifier([\"month\"], {\"year-month\":\"%b %Y \",\"year-month-date\":\"%b %d, %Y \"}))) + \"; Mean of temp_range: \" + (format(datum[\"mean_temp_range\"], \"\"))"
          },
          "x": {"scale": "x", "field": "month_date"},
          "y": {"scale": "y", "field": "mean_temp_range"},
          "defined": {
            "signal": "isValid(datum[\"month_date\"]) && isFinite(+datum[\"month_date\"]) && isValid(datum[\"mean_temp_range\"]) && isFinite(+datum[\"mean_temp_range\"])"
          }
        }
      }
    }
  ],
  "scales": [
    {
      "name": "x",
      "type": "time",
      "domain": {"data": "source_0", "field": "month_date"},
      "range": [0, {"signal": "width"}]
    },
    {
      "name": "y",
      "type": "linear",
      "domain": {"data": "source_0", "field": "mean_temp_range"},
      "range": [{"signal": "height"}, 0],
      "nice": true,
      "zero": true
    }
  ],
  "axes": [
    {
      "scale": "x",
      "orient": "bottom",
      "gridScale": "y",
      "grid": true,
      "tickMinStep": {
        "signal": "datetime(2001, 1, 1, 0, 0, 0, 0) - datetime(2001, 0, 1, 0, 0, 0, 0)"
      },
      "domain": false,
      "labels": false,
      "aria": false,
      "maxExtent": 0,
      "minExtent": 0,
      "ticks": false,
      "zindex": 0
    },
    {
      "scale": "y",
      "orient": "left",
      "gridScale": "x",
      "grid": true,
      "tickCount": {"signal": "ceil(height/40)"},
      "domain": false,
      "labels": false,
      "aria": false,
      "maxExtent": 0,
      "minExtent": 0,
      "ticks": false,
      "zindex": 0
    },
    {
      "scale": "x",
      "orient": "bottom",
      "grid": false,
      "title": "date (month)",
      "format": {
        "signal": "timeUnitSpecifier([\"month\"], {\"year-month\":\"%b %Y \",\"year-month-date\":\"%b %d, %Y \"})"
      },
      "labelFlush": true,
      "labelOverlap": true,
      "tickMinStep": {
        "signal": "datetime(2001, 1, 1, 0, 0, 0, 0) - datetime(2001, 0, 1, 0, 0, 0, 0)"
      },
      "zindex": 0
    },
    {
      "scale": "y",
      "orient": "left",
      "grid": false,
      "title": "Mean of temp_range",
      "labelOverlap": true,
      "tickCount": {"signal": "ceil(height/40)"},
      "zindex": 0
    }
  ]
}
