{
  "$schema": "https://vega.github.io/schema/vega/v5.json",
  "background": "white",
  "padding": 5,
  "width": 20,
  "height": 20,
  "style": "view",
  "data": [
    {
      "name": "source_0",
      "values": [
        {"a": "C", "b": 2},
        {"a": "C", "b": 7},
        {"a": "C", "b": 4},
        {"a": "D", "b": 1},
        {"a": "D", "b": 2},
        {"a": "D", "b": 6},
        {"a": "E", "b": 8},
        {"a": "E", "b": 4},
        {"a": "E", "b": 7}
      ]
    }
  ],
  "marks": [
    {
      "name": "marks",
      "type": "symbol",
      "style": ["point"],
      "from": {"data": "source_0"},
      "encode": {
        "update": {
          "opacity": {"value": 0.7},
          "fill": {"value": "transparent"},
          "stroke": {"value": "#4c78a8"},
          "ariaRoleDescription": {"value": "point"},
          "x": {"signal": "width", "mult": 0.5},
          "y": {"signal": "height", "mult": 0.5}
        }
      }
    }
  ]
}
