{
  "$schema": "https://vega.github.io/schema/vega/v5.json",
  "description": "A scatterplot showing horsepower and miles per gallons with binned acceleration on size.",
  "background": "white",
  "padding": 5,
  "width": 200,
  "height": 200,
  "style": "cell",
  "data": [
    {
      "name": "source_0",
      "url": "data/cars.json",
      "format": {"type": "json"},
      "transform": [
        {
          "type": "extent",
          "field": "Acceleration",
          "signal": "bin_maxbins_6_Acceleration_extent"
        },
        {
          "type": "bin",
          "field": "Acceleration",
          "as": [
            "bin_maxbins_6_Acceleration",
            "bin_maxbins_6_Acceleration_end"
          ],
          "signal": "bin_maxbins_6_Acceleration_bins",
          "extent": {"signal": "bin_maxbins_6_Acceleration_extent"},
          "maxbins": 6
        },
        {
          "type": "filter",
          "expr": "isValid(datum[\"Horsepower\"]) && isFinite(+datum[\"Horsepower\"]) && isValid(datum[\"Miles_per_Gallon\"]) && isFinite(+datum[\"Miles_per_Gallon\"]) && isValid(datum[\"bin_maxbins_6_Acceleration\"]) && isFinite(+datum[\"bin_maxbins_6_Acceleration\"])"
        }
      ]
    }
  ],
  "marks": [
    {
      "name": "marks",
      "type": "symbol",
      "style": ["point"],
      "from": {"data": "source_0"},
      "encode": {
        "update": {
          "opacity": {"value": 0.7},
          "fill": {"value": "transparent"},
          "stroke": {"value": "#4c78a8"},
          "ariaRoleDescription": {"value": "point"},
          "description": {
            "signal": "\"Horsepower: \" + (format(datum[\"Horsepower\"], \"\")) + \"; Miles_per_Gallon: \" + (format(datum[\"Miles_per_Gallon\"], \"\")) + \"; Acceleration (binned): \" + (!isValid(datum[\"bin_maxbins_6_Acceleration\"]) || !isFinite(+datum[\"bin_maxbins_6_Acceleration\"]) ? \"null\" : format(datum[\"bin_maxbins_6_Acceleration\"], \"\") + \" – \" + format(datum[\"bin_maxbins_6_Acceleration_end\"], \"\"))"
          },
          "x": {"scale": "x", "field": "Horsepower"},
          "y": {"scale": "y", "field": "Miles_per_Gallon"},
          "size": {
            "signal": "scale(\"size\", 0.5 * datum[\"bin_maxbins_6_Acceleration\"] + 0.5 * datum[\"bin_maxbins_6_Acceleration_end\"])"
          }
        }
      }
    }
  ],
  "scales": [
    {
      "name": "x",
      "type": "linear",
      "domain": {"data": "source_0", "field": "Horsepower"},
      "range": [0, {"signal": "width"}],
      "nice": true,
      "zero": true
    },
    {
      "name": "y",
      "type": "linear",
      "domain": {"data": "source_0", "field": "Miles_per_Gallon"},
      "range": [{"signal": "height"}, 0],
      "nice": true,
      "zero": true
    },
    {
      "name": "size",
      "type": "linear",
      "domain": {
        "signal": "[bin_maxbins_6_Acceleration_bins.start, bin_maxbins_6_Acceleration_bins.stop]"
      },
      "range": [0, 361],
      "bins": {"signal": "bin_maxbins_6_Acceleration_bins"},
      "zero": true
    }
  ],
  "axes": [
    {
      "scale": "x",
      "orient": "bottom",
      "gridScale": "y",
      "grid": true,
      "tickCount": {"signal": "ceil(width/40)"},
      "domain": false,
      "labels": false,
      "aria": false,
      "maxExtent": 0,
      "minExtent": 0,
      "ticks": false,
      "zindex": 0
    },
    {
      "scale": "y",
      "orient": "left",
      "gridScale": "x",
      "grid": true,
      "tickCount": {"signal": "ceil(height/40)"},
      "domain": false,
      "labels": false,
      "aria": false,
      "maxExtent": 0,
      "minExtent": 0,
      "ticks": false,
      "zindex": 0
    },
    {
      "scale": "x",
      "orient": "bottom",
      "grid": false,
      "title": "Horsepower",
      "labelFlush": true,
      "labelOverlap": true,
      "tickCount": {"signal": "ceil(width/40)"},
      "zindex": 0
    },
    {
      "scale": "y",
      "orient": "left",
      "grid": false,
      "title": "Miles_per_Gallon",
      "labelOverlap": true,
      "tickCount": {"signal": "ceil(height/40)"},
      "zindex": 0
    }
  ],
  "legends": [
    {
      "size": "size",
      "symbolType": "circle",
      "title": "Acceleration (binned)",
      "encode": {
        "symbols": {
          "update": {
            "fill": {"value": "transparent"},
            "stroke": {"value": "#4c78a8"},
            "opacity": {"value": 0.7}
          }
        }
      }
    }
  ]
}
