{
  "$schema": "https://vega.github.io/schema/vega/v5.json",
  "background": "white",
  "padding": 5,
  "width": 200,
  "height": 200,
  "style": "cell",
  "data": [
    {
      "name": "source_0",
      "values": [
        {"x": 0, "y": 1},
        {"x": 1, "y": 10},
        {"x": 2, "y": 100},
        {"x": 3, "y": 1000},
        {"x": 4, "y": 10000},
        {"x": 5, "y": 100000},
        {"x": 6, "y": 1000000},
        {"x": 7, "y": 10000000}
      ]
    },
    {
      "name": "data_0",
      "source": "source_0",
      "transform": [
        {
          "type": "filter",
          "expr": "isValid(datum[\"x\"]) && isFinite(+datum[\"x\"]) && isValid(datum[\"y\"]) && isFinite(+datum[\"y\"])"
        }
      ]
    }
  ],
  "marks": [
    {
      "name": "marks",
      "type": "symbol",
      "style": ["point"],
      "from": {"data": "data_0"},
      "encode": {
        "update": {
          "opacity": {"value": 0.7},
          "fill": {"value": "transparent"},
          "stroke": {"value": "#4c78a8"},
          "ariaRoleDescription": {"value": "point"},
          "description": {
            "signal": "\"x: \" + (format(datum[\"x\"], \"\")) + \"; y: \" + (format(datum[\"y\"], \"\"))"
          },
          "x": {"scale": "x", "field": "x"},
          "y": {"scale": "y", "field": "y"}
        }
      }
    }
  ],
  "scales": [
    {
      "name": "x",
      "type": "linear",
      "domain": {"data": "data_0", "field": "x"},
      "range": [0, {"signal": "width"}],
      "nice": true,
      "zero": true
    },
    {
      "name": "y",
      "type": "log",
      "domain": {"data": "data_0", "field": "y"},
      "range": [{"signal": "height"}, 0],
      "nice": true
    }
  ],
  "axes": [
    {
      "scale": "x",
      "orient": "bottom",
      "gridScale": "y",
      "grid": true,
      "tickCount": {"signal": "ceil(width/40)"},
      "domain": false,
      "labels": false,
      "aria": false,
      "maxExtent": 0,
      "minExtent": 0,
      "ticks": false,
      "zindex": 0
    },
    {
      "scale": "y",
      "orient": "left",
      "gridScale": "x",
      "grid": true,
      "domain": false,
      "labels": false,
      "aria": false,
      "maxExtent": 0,
      "minExtent": 0,
      "ticks": false,
      "zindex": 0
    },
    {
      "scale": "x",
      "orient": "bottom",
      "grid": false,
      "title": "x",
      "labelFlush": true,
      "labelOverlap": true,
      "tickCount": {"signal": "ceil(width/40)"},
      "zindex": 0
    },
    {
      "scale": "y",
      "orient": "left",
      "grid": false,
      "title": "y",
      "labelOverlap": "greedy",
      "zindex": 0
    }
  ]
}
