{
  "$schema": "https://vega.github.io/schema/vega/v5.json",
  "background": "white",
  "padding": 5,
  "height": 200,
  "data": [
    {"name": "source_0", "url": "data/cars.json", "format": {"type": "json"}},
    {
      "name": "data_0",
      "source": "source_0",
      "transform": [
        {
          "type": "filter",
          "expr": "isValid(datum[\"Horsepower\"]) && isFinite(+datum[\"Horsepower\"]) && isValid(datum[\"Miles_per_Gallon\"]) && isFinite(+datum[\"Miles_per_Gallon\"])"
        }
      ]
    },
    {
      "name": "data_1",
      "source": "source_0",
      "transform": [
        {"type": "sample", "size": 200},
        {
          "type": "filter",
          "expr": "isValid(datum[\"Horsepower\"]) && isFinite(+datum[\"Horsepower\"]) && isValid(datum[\"Miles_per_Gallon\"]) && isFinite(+datum[\"Miles_per_Gallon\"])"
        }
      ]
    }
  ],
  "signals": [{"name": "childWidth", "value": 200}],
  "layout": {"padding": 20, "bounds": "full", "align": "each"},
  "marks": [
    {
      "type": "group",
      "name": "concat_0_group",
      "style": "cell",
      "encode": {
        "update": {
          "width": {"signal": "childWidth"},
          "height": {"signal": "height"}
        }
      },
      "marks": [
        {
          "name": "concat_0_marks",
          "type": "symbol",
          "style": ["point"],
          "from": {"data": "data_0"},
          "encode": {
            "update": {
              "opacity": {"value": 0.7},
              "fill": {"value": "transparent"},
              "stroke": {"value": "#4c78a8"},
              "ariaRoleDescription": {"value": "point"},
              "description": {
                "signal": "\"Horsepower: \" + (format(datum[\"Horsepower\"], \"\")) + \"; Miles_per_Gallon: \" + (format(datum[\"Miles_per_Gallon\"], \"\"))"
              },
              "x": {"scale": "concat_0_x", "field": "Horsepower"},
              "y": {"scale": "concat_0_y", "field": "Miles_per_Gallon"}
            }
          }
        }
      ],
      "axes": [
        {
          "scale": "concat_0_x",
          "orient": "bottom",
          "gridScale": "concat_0_y",
          "grid": true,
          "tickCount": {"signal": "ceil(childWidth/40)"},
          "domain": false,
          "labels": false,
          "aria": false,
          "maxExtent": 0,
          "minExtent": 0,
          "ticks": false,
          "zindex": 0
        },
        {
          "scale": "concat_0_y",
          "orient": "left",
          "gridScale": "concat_0_x",
          "grid": true,
          "tickCount": {"signal": "ceil(height/40)"},
          "domain": false,
          "labels": false,
          "aria": false,
          "maxExtent": 0,
          "minExtent": 0,
          "ticks": false,
          "zindex": 0
        },
        {
          "scale": "concat_0_x",
          "orient": "bottom",
          "grid": false,
          "title": "Horsepower",
          "labelFlush": true,
          "labelOverlap": true,
          "tickCount": {"signal": "ceil(childWidth/40)"},
          "zindex": 0
        },
        {
          "scale": "concat_0_y",
          "orient": "left",
          "grid": false,
          "title": "Miles_per_Gallon",
          "labelOverlap": true,
          "tickCount": {"signal": "ceil(height/40)"},
          "zindex": 0
        }
      ]
    },
    {
      "type": "group",
      "name": "concat_1_group",
      "style": "cell",
      "encode": {
        "update": {
          "width": {"signal": "childWidth"},
          "height": {"signal": "height"}
        }
      },
      "marks": [
        {
          "name": "concat_1_marks",
          "type": "symbol",
          "style": ["point"],
          "from": {"data": "data_1"},
          "encode": {
            "update": {
              "opacity": {"value": 0.7},
              "fill": {"value": "transparent"},
              "stroke": {"value": "#4c78a8"},
              "ariaRoleDescription": {"value": "point"},
              "description": {
                "signal": "\"Horsepower: \" + (format(datum[\"Horsepower\"], \"\")) + \"; Miles_per_Gallon: \" + (format(datum[\"Miles_per_Gallon\"], \"\"))"
              },
              "x": {"scale": "concat_1_x", "field": "Horsepower"},
              "y": {"scale": "concat_1_y", "field": "Miles_per_Gallon"}
            }
          }
        }
      ],
      "axes": [
        {
          "scale": "concat_1_x",
          "orient": "bottom",
          "gridScale": "concat_1_y",
          "grid": true,
          "tickCount": {"signal": "ceil(childWidth/40)"},
          "domain": false,
          "labels": false,
          "aria": false,
          "maxExtent": 0,
          "minExtent": 0,
          "ticks": false,
          "zindex": 0
        },
        {
          "scale": "concat_1_y",
          "orient": "left",
          "gridScale": "concat_1_x",
          "grid": true,
          "tickCount": {"signal": "ceil(height/40)"},
          "domain": false,
          "labels": false,
          "aria": false,
          "maxExtent": 0,
          "minExtent": 0,
          "ticks": false,
          "zindex": 0
        },
        {
          "scale": "concat_1_x",
          "orient": "bottom",
          "grid": false,
          "title": "Horsepower",
          "labelFlush": true,
          "labelOverlap": true,
          "tickCount": {"signal": "ceil(childWidth/40)"},
          "zindex": 0
        },
        {
          "scale": "concat_1_y",
          "orient": "left",
          "grid": false,
          "title": "Miles_per_Gallon",
          "labelOverlap": true,
          "tickCount": {"signal": "ceil(height/40)"},
          "zindex": 0
        }
      ]
    }
  ],
  "scales": [
    {
      "name": "concat_0_x",
      "type": "linear",
      "domain": {"data": "data_0", "field": "Horsepower"},
      "range": [0, {"signal": "childWidth"}],
      "nice": true,
      "zero": true
    },
    {
      "name": "concat_0_y",
      "type": "linear",
      "domain": {"data": "data_0", "field": "Miles_per_Gallon"},
      "range": [{"signal": "height"}, 0],
      "nice": true,
      "zero": true
    },
    {
      "name": "concat_1_x",
      "type": "linear",
      "domain": {"data": "data_1", "field": "Horsepower"},
      "range": [0, {"signal": "childWidth"}],
      "nice": true,
      "zero": true
    },
    {
      "name": "concat_1_y",
      "type": "linear",
      "domain": {"data": "data_1", "field": "Miles_per_Gallon"},
      "range": [{"signal": "height"}, 0],
      "nice": true,
      "zero": true
    }
  ]
}
