{
  "$schema": "https://vega.github.io/schema/vega/v5.json",
  "background": "white",
  "padding": 5,
  "height": 200,
  "data": [
    {"name": "brush_store"},
    {
      "name": "source_0",
      "values": [
        {"date": "Sun, 01 Jan 2012 23:00:01", "price": 150},
        {"date": "Sun, 02 Jan 2012 00:10:02", "price": 100},
        {"date": "Sun, 02 Jan 2012 01:20:03", "price": 170},
        {"date": "Sun, 02 Jan 2012 02:30:04", "price": 165},
        {"date": "Sun, 02 Jan 2012 03:40:05", "price": 200}
      ]
    },
    {
      "name": "data_0",
      "source": "source_0",
      "transform": [
        {"type": "formula", "expr": "toDate(datum[\"date\"])", "as": "date"},
        {
          "field": "date",
          "type": "timeunit",
          "units": ["seconds"],
          "as": ["seconds_date", "seconds_date_end"]
        }
      ]
    },
    {
      "name": "data_1",
      "source": "data_0",
      "transform": [
        {
          "type": "filter",
          "expr": "!length(data(\"brush_store\")) || vlSelectionTest(\"brush_store\", datum)"
        },
        {
          "field": "date",
          "type": "timeunit",
          "units": ["minutes"],
          "as": ["minutes_date", "minutes_date_end"]
        },
        {
          "type": "filter",
          "expr": "(isDate(datum[\"minutes_date\"]) || (isValid(datum[\"minutes_date\"]) && isFinite(+datum[\"minutes_date\"]))) && isValid(datum[\"price\"]) && isFinite(+datum[\"price\"])"
        }
      ]
    },
    {
      "name": "data_2",
      "source": "data_0",
      "transform": [
        {
          "type": "filter",
          "expr": "(isDate(datum[\"seconds_date\"]) || (isValid(datum[\"seconds_date\"]) && isFinite(+datum[\"seconds_date\"]))) && isValid(datum[\"price\"]) && isFinite(+datum[\"price\"])"
        }
      ]
    }
  ],
  "signals": [
    {"name": "childWidth", "value": 200},
    {
      "name": "unit",
      "value": {},
      "on": [
        {"events": "pointermove", "update": "isTuple(group()) ? group() : unit"}
      ]
    },
    {
      "name": "brush",
      "update": "vlSelectionResolve(\"brush_store\", \"union\")"
    }
  ],
  "layout": {"padding": 20, "bounds": "full", "align": "each"},
  "marks": [
    {
      "type": "group",
      "name": "concat_0_group",
      "style": "cell",
      "encode": {
        "update": {
          "width": {"signal": "childWidth"},
          "height": {"signal": "height"}
        }
      },
      "signals": [
        {
          "name": "brush_x",
          "value": [],
          "on": [
            {
              "events": {
                "source": "scope",
                "type": "pointerdown",
                "filter": [
                  "!event.item || event.item.mark.name !== \"brush_brush\""
                ]
              },
              "update": "[x(unit), x(unit)]"
            },
            {
              "events": {
                "source": "window",
                "type": "pointermove",
                "consume": true,
                "between": [
                  {
                    "source": "scope",
                    "type": "pointerdown",
                    "filter": [
                      "!event.item || event.item.mark.name !== \"brush_brush\""
                    ]
                  },
                  {"source": "window", "type": "pointerup"}
                ]
              },
              "update": "[brush_x[0], clamp(x(unit), 0, childWidth)]"
            },
            {
              "events": {"signal": "brush_scale_trigger"},
              "update": "[scale(\"concat_0_x\", brush_seconds_date[0]), scale(\"concat_0_x\", brush_seconds_date[1])]"
            },
            {
              "events": [{"source": "view", "type": "dblclick"}],
              "update": "[0, 0]"
            },
            {
              "events": {"signal": "brush_translate_delta"},
              "update": "clampRange(panLinear(brush_translate_anchor.extent_x, brush_translate_delta.x / span(brush_translate_anchor.extent_x)), 0, childWidth)"
            },
            {
              "events": {"signal": "brush_zoom_delta"},
              "update": "clampRange(zoomLinear(brush_x, brush_zoom_anchor.x, brush_zoom_delta), 0, childWidth)"
            }
          ]
        },
        {
          "name": "brush_seconds_date",
          "on": [
            {
              "events": {"signal": "brush_x"},
              "update": "brush_x[0] === brush_x[1] ? null : invert(\"concat_0_x\", brush_x)"
            }
          ]
        },
        {
          "name": "brush_scale_trigger",
          "value": {},
          "on": [
            {
              "events": [{"scale": "concat_0_x"}],
              "update": "(!isArray(brush_seconds_date) || (+invert(\"concat_0_x\", brush_x)[0] === +brush_seconds_date[0] && +invert(\"concat_0_x\", brush_x)[1] === +brush_seconds_date[1])) ? brush_scale_trigger : {}"
            }
          ]
        },
        {
          "name": "brush_tuple",
          "on": [
            {
              "events": [{"signal": "brush_seconds_date"}],
              "update": "brush_seconds_date ? {unit: \"concat_0\", fields: brush_tuple_fields, values: [brush_seconds_date]} : null"
            }
          ]
        },
        {
          "name": "brush_tuple_fields",
          "value": [{"field": "seconds_date", "channel": "x", "type": "R"}]
        },
        {
          "name": "brush_translate_anchor",
          "value": {},
          "on": [
            {
              "events": [
                {
                  "source": "scope",
                  "type": "pointerdown",
                  "markname": "brush_brush"
                }
              ],
              "update": "{x: x(unit), y: y(unit), extent_x: slice(brush_x)}"
            }
          ]
        },
        {
          "name": "brush_translate_delta",
          "value": {},
          "on": [
            {
              "events": [
                {
                  "source": "window",
                  "type": "pointermove",
                  "consume": true,
                  "between": [
                    {
                      "source": "scope",
                      "type": "pointerdown",
                      "markname": "brush_brush"
                    },
                    {"source": "window", "type": "pointerup"}
                  ]
                }
              ],
              "update": "{x: brush_translate_anchor.x - x(unit), y: brush_translate_anchor.y - y(unit)}"
            }
          ]
        },
        {
          "name": "brush_zoom_anchor",
          "on": [
            {
              "events": [
                {
                  "source": "scope",
                  "type": "wheel",
                  "consume": true,
                  "markname": "brush_brush"
                }
              ],
              "update": "{x: x(unit), y: y(unit)}"
            }
          ]
        },
        {
          "name": "brush_zoom_delta",
          "on": [
            {
              "events": [
                {
                  "source": "scope",
                  "type": "wheel",
                  "consume": true,
                  "markname": "brush_brush"
                }
              ],
              "force": true,
              "update": "pow(1.001, event.deltaY * pow(16, event.deltaMode))"
            }
          ]
        },
        {
          "name": "brush_modify",
          "on": [
            {
              "events": {"signal": "brush_tuple"},
              "update": "modify(\"brush_store\", brush_tuple, true)"
            }
          ]
        }
      ],
      "marks": [
        {
          "name": "brush_brush_bg",
          "type": "rect",
          "clip": true,
          "encode": {
            "enter": {
              "fill": {"value": "#333"},
              "fillOpacity": {"value": 0.125}
            },
            "update": {
              "x": [
                {
                  "test": "data(\"brush_store\").length && data(\"brush_store\")[0].unit === \"concat_0\"",
                  "signal": "brush_x[0]"
                },
                {"value": 0}
              ],
              "y": [
                {
                  "test": "data(\"brush_store\").length && data(\"brush_store\")[0].unit === \"concat_0\"",
                  "value": 0
                },
                {"value": 0}
              ],
              "x2": [
                {
                  "test": "data(\"brush_store\").length && data(\"brush_store\")[0].unit === \"concat_0\"",
                  "signal": "brush_x[1]"
                },
                {"value": 0}
              ],
              "y2": [
                {
                  "test": "data(\"brush_store\").length && data(\"brush_store\")[0].unit === \"concat_0\"",
                  "field": {"group": "height"}
                },
                {"value": 0}
              ]
            }
          }
        },
        {
          "name": "concat_0_marks",
          "type": "symbol",
          "style": ["point"],
          "interactive": true,
          "from": {"data": "data_2"},
          "encode": {
            "update": {
              "opacity": {"value": 0.7},
              "fill": {"value": "transparent"},
              "stroke": [
                {
                  "test": "!length(data(\"brush_store\")) || vlSelectionTest(\"brush_store\", datum)",
                  "value": "goldenrod"
                },
                {"value": "steelblue"}
              ],
              "ariaRoleDescription": {"value": "point"},
              "description": {
                "signal": "\"date (seconds): \" + (timeFormat(datum[\"seconds_date\"], timeUnitSpecifier([\"seconds\"], {\"year-month\":\"%b %Y \",\"year-month-date\":\"%b %d, %Y \"}))) + \"; price: \" + (format(datum[\"price\"], \"\"))"
              },
              "x": {"scale": "concat_0_x", "field": "seconds_date"},
              "y": {"scale": "concat_0_y", "field": "price"}
            }
          }
        },
        {
          "name": "brush_brush",
          "type": "rect",
          "clip": true,
          "encode": {
            "enter": {"fill": {"value": "transparent"}},
            "update": {
              "x": [
                {
                  "test": "data(\"brush_store\").length && data(\"brush_store\")[0].unit === \"concat_0\"",
                  "signal": "brush_x[0]"
                },
                {"value": 0}
              ],
              "y": [
                {
                  "test": "data(\"brush_store\").length && data(\"brush_store\")[0].unit === \"concat_0\"",
                  "value": 0
                },
                {"value": 0}
              ],
              "x2": [
                {
                  "test": "data(\"brush_store\").length && data(\"brush_store\")[0].unit === \"concat_0\"",
                  "signal": "brush_x[1]"
                },
                {"value": 0}
              ],
              "y2": [
                {
                  "test": "data(\"brush_store\").length && data(\"brush_store\")[0].unit === \"concat_0\"",
                  "field": {"group": "height"}
                },
                {"value": 0}
              ],
              "stroke": [
                {"test": "brush_x[0] !== brush_x[1]", "value": "white"},
                {"value": null}
              ]
            }
          }
        }
      ],
      "axes": [
        {
          "scale": "concat_0_x",
          "orient": "bottom",
          "gridScale": "concat_0_y",
          "grid": true,
          "tickCount": {"signal": "ceil(childWidth/40)"},
          "tickMinStep": {
            "signal": "datetime(2001, 0, 1, 0, 0, 1, 0) - datetime(2001, 0, 1, 0, 0, 0, 0)"
          },
          "domain": false,
          "labels": false,
          "aria": false,
          "maxExtent": 0,
          "minExtent": 0,
          "ticks": false,
          "zindex": 0
        },
        {
          "scale": "concat_0_y",
          "orient": "left",
          "gridScale": "concat_0_x",
          "grid": true,
          "tickCount": {"signal": "ceil(height/40)"},
          "domain": false,
          "labels": false,
          "aria": false,
          "maxExtent": 0,
          "minExtent": 0,
          "ticks": false,
          "zindex": 0
        },
        {
          "scale": "concat_0_x",
          "orient": "bottom",
          "grid": false,
          "title": "date (seconds)",
          "format": {
            "signal": "timeUnitSpecifier([\"seconds\"], {\"year-month\":\"%b %Y \",\"year-month-date\":\"%b %d, %Y \"})"
          },
          "labelFlush": true,
          "labelOverlap": true,
          "tickCount": {"signal": "ceil(childWidth/40)"},
          "tickMinStep": {
            "signal": "datetime(2001, 0, 1, 0, 0, 1, 0) - datetime(2001, 0, 1, 0, 0, 0, 0)"
          },
          "zindex": 0
        },
        {
          "scale": "concat_0_y",
          "orient": "left",
          "grid": false,
          "title": "price",
          "labelOverlap": true,
          "tickCount": {"signal": "ceil(height/40)"},
          "zindex": 0
        }
      ]
    },
    {
      "type": "group",
      "name": "concat_1_group",
      "style": "cell",
      "encode": {
        "update": {
          "width": {"signal": "childWidth"},
          "height": {"signal": "height"}
        }
      },
      "marks": [
        {
          "name": "concat_1_marks",
          "type": "symbol",
          "style": ["point"],
          "interactive": false,
          "from": {"data": "data_1"},
          "encode": {
            "update": {
              "opacity": {"value": 0.7},
              "fill": {"value": "transparent"},
              "stroke": {"value": "goldenrod"},
              "ariaRoleDescription": {"value": "point"},
              "description": {
                "signal": "\"date (minutes): \" + (timeFormat(datum[\"minutes_date\"], timeUnitSpecifier([\"minutes\"], {\"year-month\":\"%b %Y \",\"year-month-date\":\"%b %d, %Y \"}))) + \"; price: \" + (format(datum[\"price\"], \"\"))"
              },
              "x": {"scale": "concat_1_x", "field": "minutes_date"},
              "y": {"scale": "concat_1_y", "field": "price"}
            }
          }
        }
      ],
      "axes": [
        {
          "scale": "concat_1_x",
          "orient": "bottom",
          "gridScale": "concat_1_y",
          "grid": true,
          "tickCount": {"signal": "ceil(childWidth/40)"},
          "tickMinStep": {
            "signal": "datetime(2001, 0, 1, 0, 1, 0, 0) - datetime(2001, 0, 1, 0, 0, 0, 0)"
          },
          "domain": false,
          "labels": false,
          "aria": false,
          "maxExtent": 0,
          "minExtent": 0,
          "ticks": false,
          "zindex": 0
        },
        {
          "scale": "concat_1_y",
          "orient": "left",
          "gridScale": "concat_1_x",
          "grid": true,
          "tickCount": {"signal": "ceil(height/40)"},
          "domain": false,
          "labels": false,
          "aria": false,
          "maxExtent": 0,
          "minExtent": 0,
          "ticks": false,
          "zindex": 0
        },
        {
          "scale": "concat_1_x",
          "orient": "bottom",
          "grid": false,
          "title": "date (minutes)",
          "format": {
            "signal": "timeUnitSpecifier([\"minutes\"], {\"year-month\":\"%b %Y \",\"year-month-date\":\"%b %d, %Y \"})"
          },
          "labelFlush": true,
          "labelOverlap": true,
          "tickCount": {"signal": "ceil(childWidth/40)"},
          "tickMinStep": {
            "signal": "datetime(2001, 0, 1, 0, 1, 0, 0) - datetime(2001, 0, 1, 0, 0, 0, 0)"
          },
          "zindex": 0
        },
        {
          "scale": "concat_1_y",
          "orient": "left",
          "grid": false,
          "title": "price",
          "labelOverlap": true,
          "tickCount": {"signal": "ceil(height/40)"},
          "zindex": 0
        }
      ]
    }
  ],
  "scales": [
    {
      "name": "concat_0_x",
      "type": "time",
      "domain": {"data": "data_2", "field": "seconds_date"},
      "range": [0, {"signal": "childWidth"}]
    },
    {
      "name": "concat_0_y",
      "type": "linear",
      "domain": {"data": "data_2", "field": "price"},
      "range": [{"signal": "height"}, 0],
      "nice": true,
      "zero": true
    },
    {
      "name": "concat_1_x",
      "type": "time",
      "domain": {"data": "data_1", "field": "minutes_date"},
      "range": [0, {"signal": "childWidth"}]
    },
    {
      "name": "concat_1_y",
      "type": "linear",
      "domain": {"data": "data_1", "field": "price"},
      "range": [{"signal": "height"}, 0],
      "nice": true,
      "zero": true
    }
  ]
}
