{
  "$schema": "https://vega.github.io/schema/vega/v5.json",
  "background": "white",
  "padding": 5,
  "width": 200,
  "height": 200,
  "style": "cell",
  "data": [
    {"name": "brush_store"},
    {
      "name": "source_0",
      "url": "data/cars.json",
      "format": {"type": "json"},
      "transform": [
        {
          "type": "extent",
          "field": "Acceleration",
          "signal": "layer_1_bin_maxbins_10_Acceleration_extent"
        },
        {
          "type": "bin",
          "field": "Acceleration",
          "as": [
            "bin_maxbins_10_Acceleration",
            "bin_maxbins_10_Acceleration_end"
          ],
          "signal": "layer_1_bin_maxbins_10_Acceleration_bins",
          "extent": {"signal": "layer_1_bin_maxbins_10_Acceleration_extent"},
          "maxbins": 10
        }
      ]
    },
    {
      "name": "data_0",
      "source": "source_0",
      "transform": [
        {
          "type": "filter",
          "expr": "!length(data(\"brush_store\")) || vlSelectionTest(\"brush_store\", datum)"
        },
        {
          "type": "aggregate",
          "groupby": [
            "bin_maxbins_10_Acceleration",
            "bin_maxbins_10_Acceleration_end"
          ],
          "ops": ["count"],
          "fields": [null],
          "as": ["__count"]
        },
        {
          "type": "filter",
          "expr": "isValid(datum[\"bin_maxbins_10_Acceleration\"]) && isFinite(+datum[\"bin_maxbins_10_Acceleration\"])"
        }
      ]
    },
    {
      "name": "data_1",
      "source": "source_0",
      "transform": [
        {
          "type": "aggregate",
          "groupby": [
            "bin_maxbins_10_Acceleration",
            "bin_maxbins_10_Acceleration_end"
          ],
          "ops": ["count"],
          "fields": [null],
          "as": ["__count"]
        },
        {
          "type": "filter",
          "expr": "isValid(datum[\"bin_maxbins_10_Acceleration\"]) && isFinite(+datum[\"bin_maxbins_10_Acceleration\"])"
        }
      ]
    }
  ],
  "signals": [
    {
      "name": "unit",
      "value": {},
      "on": [
        {"events": "pointermove", "update": "isTuple(group()) ? group() : unit"}
      ]
    },
    {
      "name": "brush",
      "update": "vlSelectionResolve(\"brush_store\", \"union\")"
    },
    {
      "name": "brush_x",
      "value": [],
      "on": [
        {
          "events": {
            "source": "scope",
            "type": "pointerdown",
            "filter": [
              "!event.item || event.item.mark.name !== \"brush_brush\""
            ]
          },
          "update": "[x(unit), x(unit)]"
        },
        {
          "events": {
            "source": "window",
            "type": "pointermove",
            "consume": true,
            "between": [
              {
                "source": "scope",
                "type": "pointerdown",
                "filter": [
                  "!event.item || event.item.mark.name !== \"brush_brush\""
                ]
              },
              {"source": "window", "type": "pointerup"}
            ]
          },
          "update": "[brush_x[0], clamp(x(unit), 0, width)]"
        },
        {
          "events": {"signal": "brush_scale_trigger"},
          "update": "[scale(\"x\", brush_Acceleration[0]), scale(\"x\", brush_Acceleration[1])]"
        },
        {
          "events": [{"source": "view", "type": "dblclick"}],
          "update": "[0, 0]"
        },
        {
          "events": {"signal": "brush_translate_delta"},
          "update": "clampRange(panLinear(brush_translate_anchor.extent_x, brush_translate_delta.x / span(brush_translate_anchor.extent_x)), 0, width)"
        },
        {
          "events": {"signal": "brush_zoom_delta"},
          "update": "clampRange(zoomLinear(brush_x, brush_zoom_anchor.x, brush_zoom_delta), 0, width)"
        }
      ]
    },
    {
      "name": "brush_Acceleration",
      "on": [
        {
          "events": {"signal": "brush_x"},
          "update": "brush_x[0] === brush_x[1] ? null : invert(\"x\", brush_x)"
        }
      ]
    },
    {
      "name": "brush_scale_trigger",
      "value": {},
      "on": [
        {
          "events": [{"scale": "x"}],
          "update": "(!isArray(brush_Acceleration) || (+invert(\"x\", brush_x)[0] === +brush_Acceleration[0] && +invert(\"x\", brush_x)[1] === +brush_Acceleration[1])) ? brush_scale_trigger : {}"
        }
      ]
    },
    {
      "name": "brush_tuple",
      "on": [
        {
          "events": [{"signal": "brush_Acceleration"}],
          "update": "brush_Acceleration ? {unit: \"layer_0\", fields: brush_tuple_fields, values: [brush_Acceleration]} : null"
        }
      ]
    },
    {
      "name": "brush_tuple_fields",
      "value": [{"field": "Acceleration", "channel": "x", "type": "R"}]
    },
    {
      "name": "brush_translate_anchor",
      "value": {},
      "on": [
        {
          "events": [
            {
              "source": "scope",
              "type": "pointerdown",
              "markname": "brush_brush"
            }
          ],
          "update": "{x: x(unit), y: y(unit), extent_x: slice(brush_x)}"
        }
      ]
    },
    {
      "name": "brush_translate_delta",
      "value": {},
      "on": [
        {
          "events": [
            {
              "source": "window",
              "type": "pointermove",
              "consume": true,
              "between": [
                {
                  "source": "scope",
                  "type": "pointerdown",
                  "markname": "brush_brush"
                },
                {"source": "window", "type": "pointerup"}
              ]
            }
          ],
          "update": "{x: brush_translate_anchor.x - x(unit), y: brush_translate_anchor.y - y(unit)}"
        }
      ]
    },
    {
      "name": "brush_zoom_anchor",
      "on": [
        {
          "events": [
            {
              "source": "scope",
              "type": "wheel",
              "consume": true,
              "markname": "brush_brush"
            }
          ],
          "update": "{x: x(unit), y: y(unit)}"
        }
      ]
    },
    {
      "name": "brush_zoom_delta",
      "on": [
        {
          "events": [
            {
              "source": "scope",
              "type": "wheel",
              "consume": true,
              "markname": "brush_brush"
            }
          ],
          "force": true,
          "update": "pow(1.001, event.deltaY * pow(16, event.deltaMode))"
        }
      ]
    },
    {
      "name": "brush_modify",
      "on": [
        {
          "events": {"signal": "brush_tuple"},
          "update": "modify(\"brush_store\", brush_tuple, true)"
        }
      ]
    }
  ],
  "marks": [
    {
      "name": "brush_brush_bg",
      "type": "rect",
      "clip": true,
      "encode": {
        "enter": {"fill": {"value": "#333"}, "fillOpacity": {"value": 0.125}},
        "update": {
          "x": [
            {
              "test": "data(\"brush_store\").length && data(\"brush_store\")[0].unit === \"layer_0\"",
              "signal": "brush_x[0]"
            },
            {"value": 0}
          ],
          "y": [
            {
              "test": "data(\"brush_store\").length && data(\"brush_store\")[0].unit === \"layer_0\"",
              "value": 0
            },
            {"value": 0}
          ],
          "x2": [
            {
              "test": "data(\"brush_store\").length && data(\"brush_store\")[0].unit === \"layer_0\"",
              "signal": "brush_x[1]"
            },
            {"value": 0}
          ],
          "y2": [
            {
              "test": "data(\"brush_store\").length && data(\"brush_store\")[0].unit === \"layer_0\"",
              "field": {"group": "height"}
            },
            {"value": 0}
          ]
        }
      }
    },
    {
      "name": "layer_0_marks",
      "type": "rect",
      "style": ["bar"],
      "interactive": true,
      "from": {"data": "data_1"},
      "encode": {
        "update": {
          "fill": {"value": "#4c78a8"},
          "ariaRoleDescription": {"value": "bar"},
          "description": {
            "signal": "\"Acceleration (binned): \" + (!isValid(datum[\"bin_maxbins_10_Acceleration\"]) || !isFinite(+datum[\"bin_maxbins_10_Acceleration\"]) ? \"null\" : format(datum[\"bin_maxbins_10_Acceleration\"], \"\") + \" – \" + format(datum[\"bin_maxbins_10_Acceleration_end\"], \"\")) + \"; Count of Records: \" + (format(datum[\"__count\"], \"\"))"
          },
          "x2": {
            "scale": "x",
            "field": "bin_maxbins_10_Acceleration",
            "offset": {
              "signal": "0.5 + (abs(scale(\"x\", datum[\"bin_maxbins_10_Acceleration_end\"]) - scale(\"x\", datum[\"bin_maxbins_10_Acceleration\"])) < 0.25 ? -0.5 * (0.25 - (abs(scale(\"x\", datum[\"bin_maxbins_10_Acceleration_end\"]) - scale(\"x\", datum[\"bin_maxbins_10_Acceleration\"])))) : 0.5)"
            }
          },
          "x": {
            "scale": "x",
            "field": "bin_maxbins_10_Acceleration_end",
            "offset": {
              "signal": "0.5 + (abs(scale(\"x\", datum[\"bin_maxbins_10_Acceleration_end\"]) - scale(\"x\", datum[\"bin_maxbins_10_Acceleration\"])) < 0.25 ? 0.5 * (0.25 - (abs(scale(\"x\", datum[\"bin_maxbins_10_Acceleration_end\"]) - scale(\"x\", datum[\"bin_maxbins_10_Acceleration\"])))) : -0.5)"
            }
          },
          "y": {"scale": "y", "field": "__count"},
          "y2": {"scale": "y", "value": 0}
        }
      }
    },
    {
      "name": "layer_1_marks",
      "type": "rect",
      "style": ["bar"],
      "interactive": false,
      "from": {"data": "data_0"},
      "encode": {
        "update": {
          "fill": {"value": "goldenrod"},
          "ariaRoleDescription": {"value": "bar"},
          "description": {
            "signal": "\"Acceleration (binned): \" + (!isValid(datum[\"bin_maxbins_10_Acceleration\"]) || !isFinite(+datum[\"bin_maxbins_10_Acceleration\"]) ? \"null\" : format(datum[\"bin_maxbins_10_Acceleration\"], \"\") + \" – \" + format(datum[\"bin_maxbins_10_Acceleration_end\"], \"\")) + \"; Count of Records: \" + (format(datum[\"__count\"], \"\"))"
          },
          "x2": {
            "scale": "x",
            "field": "bin_maxbins_10_Acceleration",
            "offset": {
              "signal": "0.5 + (abs(scale(\"x\", datum[\"bin_maxbins_10_Acceleration_end\"]) - scale(\"x\", datum[\"bin_maxbins_10_Acceleration\"])) < 0.25 ? -0.5 * (0.25 - (abs(scale(\"x\", datum[\"bin_maxbins_10_Acceleration_end\"]) - scale(\"x\", datum[\"bin_maxbins_10_Acceleration\"])))) : 0.5)"
            }
          },
          "x": {
            "scale": "x",
            "field": "bin_maxbins_10_Acceleration_end",
            "offset": {
              "signal": "0.5 + (abs(scale(\"x\", datum[\"bin_maxbins_10_Acceleration_end\"]) - scale(\"x\", datum[\"bin_maxbins_10_Acceleration\"])) < 0.25 ? 0.5 * (0.25 - (abs(scale(\"x\", datum[\"bin_maxbins_10_Acceleration_end\"]) - scale(\"x\", datum[\"bin_maxbins_10_Acceleration\"])))) : -0.5)"
            }
          },
          "y": {"scale": "y", "field": "__count"},
          "y2": {"scale": "y", "value": 0}
        }
      }
    },
    {
      "name": "brush_brush",
      "type": "rect",
      "clip": true,
      "encode": {
        "enter": {"fill": {"value": "transparent"}},
        "update": {
          "x": [
            {
              "test": "data(\"brush_store\").length && data(\"brush_store\")[0].unit === \"layer_0\"",
              "signal": "brush_x[0]"
            },
            {"value": 0}
          ],
          "y": [
            {
              "test": "data(\"brush_store\").length && data(\"brush_store\")[0].unit === \"layer_0\"",
              "value": 0
            },
            {"value": 0}
          ],
          "x2": [
            {
              "test": "data(\"brush_store\").length && data(\"brush_store\")[0].unit === \"layer_0\"",
              "signal": "brush_x[1]"
            },
            {"value": 0}
          ],
          "y2": [
            {
              "test": "data(\"brush_store\").length && data(\"brush_store\")[0].unit === \"layer_0\"",
              "field": {"group": "height"}
            },
            {"value": 0}
          ],
          "stroke": [
            {"test": "brush_x[0] !== brush_x[1]", "value": "white"},
            {"value": null}
          ]
        }
      }
    }
  ],
  "scales": [
    {
      "name": "x",
      "type": "linear",
      "domain": {
        "signal": "[layer_1_bin_maxbins_10_Acceleration_bins.start, layer_1_bin_maxbins_10_Acceleration_bins.stop]"
      },
      "range": [0, {"signal": "width"}],
      "bins": {"signal": "layer_1_bin_maxbins_10_Acceleration_bins"},
      "zero": false
    },
    {
      "name": "y",
      "type": "linear",
      "domain": {
        "fields": [
          {"data": "data_1", "field": "__count"},
          {"data": "data_0", "field": "__count"}
        ]
      },
      "range": [{"signal": "height"}, 0],
      "nice": true,
      "zero": true
    }
  ],
  "axes": [
    {
      "scale": "y",
      "orient": "left",
      "gridScale": "x",
      "grid": true,
      "tickCount": {"signal": "ceil(height/40)"},
      "domain": false,
      "labels": false,
      "aria": false,
      "maxExtent": 0,
      "minExtent": 0,
      "ticks": false,
      "zindex": 0
    },
    {
      "scale": "x",
      "orient": "bottom",
      "grid": false,
      "title": "Acceleration (binned)",
      "labelFlush": true,
      "labelOverlap": true,
      "tickCount": {"signal": "ceil(width/10)"},
      "zindex": 0
    },
    {
      "scale": "y",
      "orient": "left",
      "grid": false,
      "title": "Count of Records",
      "labelOverlap": true,
      "tickCount": {"signal": "ceil(height/40)"},
      "zindex": 0
    }
  ]
}
