{
  "$schema": "https://vega.github.io/schema/vega/v5.json",
  "background": "white",
  "padding": 5,
  "width": 200,
  "height": 200,
  "style": "cell",
  "data": [
    {"name": "org_store"},
    {
      "name": "source_0",
      "url": "data/cars.json",
      "format": {"type": "json"},
      "transform": [
        {
          "type": "filter",
          "expr": "isValid(datum[\"Horsepower\"]) && isFinite(+datum[\"Horsepower\"]) && isValid(datum[\"Miles_per_Gallon\"]) && isFinite(+datum[\"Miles_per_Gallon\"])"
        }
      ]
    }
  ],
  "signals": [
    {
      "name": "unit",
      "value": {},
      "on": [
        {"events": "pointermove", "update": "isTuple(group()) ? group() : unit"}
      ]
    },
    {
      "name": "org_Origin",
      "value": null,
      "bind": {"input": "select", "options": [null, "Europe", "Japan", "USA"]}
    },
    {
      "name": "org",
      "update": "vlSelectionResolve(\"org_store\", \"union\", true, true)"
    },
    {
      "name": "org_tuple",
      "update": "org_Origin !== null ? {fields: org_tuple_fields, values: [org_Origin]} : null"
    },
    {"name": "org_tuple_fields", "value": [{"type": "E", "field": "Origin"}]},
    {
      "name": "org_modify",
      "on": [
        {
          "events": {"signal": "org_tuple"},
          "update": "modify(\"org_store\", org_tuple, true)"
        }
      ]
    }
  ],
  "marks": [
    {
      "name": "marks",
      "type": "symbol",
      "style": ["point"],
      "interactive": true,
      "from": {"data": "source_0"},
      "encode": {
        "update": {
          "opacity": {"value": 0.7},
          "fill": {"value": "transparent"},
          "stroke": [
            {
              "test": "!length(data(\"org_store\")) || vlSelectionTest(\"org_store\", datum)",
              "scale": "color",
              "field": "Cylinders"
            },
            {"value": "grey"}
          ],
          "ariaRoleDescription": {"value": "point"},
          "description": {
            "signal": "\"Horsepower: \" + (format(datum[\"Horsepower\"], \"\")) + \"; Miles_per_Gallon: \" + (format(datum[\"Miles_per_Gallon\"], \"\")) + \"; Cylinders: \" + (isValid(datum[\"Cylinders\"]) ? datum[\"Cylinders\"] : \"\"+datum[\"Cylinders\"])"
          },
          "x": {"scale": "x", "field": "Horsepower"},
          "y": {"scale": "y", "field": "Miles_per_Gallon"}
        }
      }
    }
  ],
  "scales": [
    {
      "name": "x",
      "type": "linear",
      "domain": {"data": "source_0", "field": "Horsepower"},
      "range": [0, {"signal": "width"}],
      "nice": true,
      "zero": true
    },
    {
      "name": "y",
      "type": "linear",
      "domain": {"data": "source_0", "field": "Miles_per_Gallon"},
      "range": [{"signal": "height"}, 0],
      "nice": true,
      "zero": true
    },
    {
      "name": "color",
      "type": "ordinal",
      "domain": {"data": "source_0", "field": "Cylinders", "sort": true},
      "range": "ordinal",
      "interpolate": "hcl"
    }
  ],
  "axes": [
    {
      "scale": "x",
      "orient": "bottom",
      "gridScale": "y",
      "grid": true,
      "tickCount": {"signal": "ceil(width/40)"},
      "domain": false,
      "labels": false,
      "aria": false,
      "maxExtent": 0,
      "minExtent": 0,
      "ticks": false,
      "zindex": 0
    },
    {
      "scale": "y",
      "orient": "left",
      "gridScale": "x",
      "grid": true,
      "tickCount": {"signal": "ceil(height/40)"},
      "domain": false,
      "labels": false,
      "aria": false,
      "maxExtent": 0,
      "minExtent": 0,
      "ticks": false,
      "zindex": 0
    },
    {
      "scale": "x",
      "orient": "bottom",
      "grid": false,
      "title": "Horsepower",
      "labelFlush": true,
      "labelOverlap": true,
      "tickCount": {"signal": "ceil(width/40)"},
      "zindex": 0
    },
    {
      "scale": "y",
      "orient": "left",
      "grid": false,
      "title": "Miles_per_Gallon",
      "labelOverlap": true,
      "tickCount": {"signal": "ceil(height/40)"},
      "zindex": 0
    }
  ],
  "legends": [
    {
      "stroke": "color",
      "symbolType": "circle",
      "title": "Cylinders",
      "encode": {
        "symbols": {
          "update": {
            "fill": {"value": "transparent"},
            "opacity": {"value": 0.7}
          }
        }
      }
    }
  ]
}
